,prec_FileName,prec_AverageValues,prec_MedianValues,prec_MinValues,prec_MaxValues,prec_Variance,prec_StandardDeviation
0,01-1961,124.33631,124.66623,92.4534,193.78226,236.60847,15.382083
1,02-1961,48.05422,46.615837,36.605957,69.4179,54.18629,7.3611336
2,03-1961,37.08085,36.371494,24.608969,55.250587,56.91543,7.5442314
3,04-1961,101.93873,98.14343,58.204906,190.75137,777.16315,27.877645
4,05-1961,20.18084,18.558178,13.218128,39.532806,28.99652,5.3848414
5,06-1961,59.290382,56.76938,29.79851,108.77059,244.91293,15.649694
6,07-1961,222.5297,223.15051,136.2245,287.2635,862.1493,29.36238
7,08-1961,161.08685,165.33139,96.79685,196.06091,497.19507,22.29787
8,09-1961,116.29561,118.15537,80.17716,170.25285,249.2684,15.788237
9,10-1961,47.9534,45.385155,29.014713,96.55537,154.00807,12.409999
10,11-1961,25.056744,24.08401,9.177214,44.791473,88.55305,9.410263
11,12-1961,20.782578,20.650234,6.734806,42.097332,61.574406,7.846936
12,01-1962,23.85124,24.377361,14.877523,37.033863,15.242817,3.904205
13,02-1962,70.98477,69.763885,47.71799,102.52714,121.47977,11.021786
14,03-1962,39.74557,38.314453,29.873405,59.92731,40.155937,6.336871
15,04-1962,63.302784,58.81659,22.457005,152.81087,778.55096,27.902527
16,05-1962,29.104755,26.88496,20.935438,53.880093,44.337494,6.6586404
17,06-1962,47.078537,45.35726,21.325806,86.808876,181.08385,13.456739
18,07-1962,175.2232,173.3998,89.07919,267.94855,1627.7303,40.34514
19,08-1962,185.12167,186.55438,112.671326,221.43361,530.96045,23.04258
20,09-1962,153.7261,156.771,105.124794,233.12833,483.2733,21.983477
21,10-1962,11.222016,11.548281,5.803229,16.229794,5.226,2.2860446
22,11-1962,24.996855,23.838768,11.533186,41.974777,61.522633,7.8436365
23,12-1962,50.10875,48.557747,32.469593,78.06441,79.12243,8.895079
24,01-1963,2.254252,2.0840087,1.1606244,4.735025,0.59891325,0.77389485
25,02-1963,42.52281,42.27263,21.092325,69.88937,125.664314,11.21001
26,03-1963,125.15678,119.51132,59.619198,239.41151,1704.8013,41.289238
27,04-1963,79.22383,76.2864,46.636635,144.0991,420.39664,20.503576
28,05-1963,69.19986,63.910263,50.72461,124.36306,218.6817,14.78789
29,06-1963,30.342094,29.085892,17.838478,50.86769,43.937504,6.628537
30,07-1963,82.641205,82.65587,46.456562,109.62764,146.43755,12.101138
31,08-1963,130.96944,130.91951,75.71428,171.56493,423.1346,20.570236
32,09-1963,68.06465,68.964294,47.150448,96.91075,69.08833,8.311939
33,10-1963,8.194897,7.7829623,3.721113,18.633379,9.055584,3.0092497
34,11-1963,32.681625,31.352093,14.751303,56.48097,113.777245,10.666641
35,12-1963,50.72499,50.3665,26.10301,89.382835,162.62526,12.7524605
36,01-1964,89.63918,87.261,66.87404,139.81364,139.8608,11.826276
37,02-1964,52.690746,50.848824,20.57938,97.95258,325.74133,18.048306
38,03-1964,41.6162,39.95088,22.837801,75.18639,146.52625,12.104802
39,04-1964,78.21982,72.80408,33.072144,177.90503,925.9578,30.429556
40,05-1964,27.90105,25.546528,16.554312,59.70045,76.49422,8.746098
41,06-1964,59.77879,56.84945,23.884342,124.80198,424.55005,20.604612
42,07-1964,308.4346,313.0724,193.01323,416.05444,2327.8816,48.248127
43,08-1964,169.43326,174.39825,112.29189,203.41997,453.28625,21.29052
44,09-1964,72.91868,74.307465,54.514053,100.44871,52.444157,7.2418337
45,10-1964,7.851511,7.366817,3.60292,16.104174,6.5313473,2.55565
46,11-1964,4.668938,4.4697986,2.1999547,7.98783,2.3529038,1.5339178
47,12-1964,64.49347,63.885048,31.382072,109.62058,265.02258,16.279514
48,01-1965,73.626434,72.40665,48.145874,119.45767,237.76051,15.419485
49,02-1965,96.86904,96.5299,52.625168,154.86842,671.9896,25.922762
50,03-1965,56.54072,54.397095,31.56078,98.59552,254.73529,15.960429
51,04-1965,128.55455,123.03882,81.0192,227.18384,886.3834,29.772192
52,05-1965,89.46938,82.21335,58.72155,174.64134,543.7826,23.319147
53,06-1965,25.045156,23.913269,17.523567,37.196762,19.656397,4.4335537
54,07-1965,219.58376,218.85321,135.84117,312.61188,1452.5797,38.112724
55,08-1965,136.0189,135.93187,82.122604,181.05524,455.399,21.34008
56,09-1965,34.194042,34.40844,22.04295,48.581203,44.646378,6.6817946
57,10-1965,32.32166,29.476952,14.933985,74.30222,134.21103,11.584949
58,11-1965,18.032171,17.80157,9.157053,28.588867,25.659126,5.065484
59,12-1965,18.180569,17.535946,9.547914,31.95025,26.746254,5.171678
60,01-1966,2.3669724,2.1978738,1.2885913,4.897218,0.6123989,0.7825592
61,02-1966,143.05174,142.08337,85.958725,219.35323,846.9405,29.102242
62,03-1966,128.98743,124.1864,54.35622,246.68971,2015.4303,44.893543
63,04-1966,73.37653,69.39889,46.715183,132.07834,299.99918,17.320484
64,05-1966,38.444202,34.78515,21.491547,85.300644,164.1589,12.812451
65,06-1966,37.81234,37.86043,20.921333,66.88398,83.690895,9.1482725
66,07-1966,170.07204,174.34569,82.880264,239.22832,1106.4565,33.263443
67,08-1966,129.07292,130.09659,81.84934,160.56065,324.18094,18.005026
68,09-1966,120.57687,122.14125,74.450096,203.15494,484.41827,22.009504
69,10-1966,53.75658,47.658073,17.603703,140.13524,634.5099,25.18948
70,11-1966,2.0909743,1.8815122,0.62832695,4.617214,1.0226457,1.0112594
71,12-1966,11.158596,11.099865,5.291354,19.61069,7.996628,2.827831
72,01-1967,9.061307,8.928486,3.2321646,19.041452,10.99176,3.3153825
73,02-1967,86.78181,85.29455,41.73203,151.36067,654.64307,25.585993
74,03-1967,114.57376,109.92328,79.9241,181.02861,432.1904,20.78919
75,04-1967,61.95839,59.49135,32.977867,116.549805,331.31796,18.20214
76,05-1967,62.228096,55.10134,19.033735,166.2502,953.2944,30.875465
77,06-1967,28.072247,27.024225,9.701291,56.317245,104.009964,10.198527
78,07-1967,72.726364,74.6987,44.998325,88.84309,83.16798,9.119648
79,08-1967,165.73586,169.76077,97.133095,203.09766,560.58057,23.676582
80,09-1967,69.285614,69.42061,41.851048,111.989265,170.14076,13.043801
81,10-1967,37.43275,34.323135,20.679228,80.99153,128.33397,11.328459
82,11-1967,13.90451,13.1305065,6.4404078,25.789917,25.30001,5.0299115
83,12-1967,133.79825,130.58487,95.63605,188.5209,264.27805,16.25663
84,01-1968,74.56558,73.23639,54.836647,117.92326,87.72416,9.3661175
85,02-1968,57.368484,55.091103,40.89145,79.794174,63.29519,7.955827
86,03-1968,65.72556,63.424934,40.070736,107.57012,228.07347,15.102101
87,04-1968,59.856983,58.216255,24.165932,126.873375,503.32547,22.434916
88,05-1968,43.16621,39.176273,21.914906,95.83696,240.55582,15.509862
89,06-1968,24.299288,24.283195,15.554124,35.67533,10.577746,3.2523448
90,07-1968,118.95758,122.50087,72.02695,158.69778,360.04712,18.974907
91,08-1968,198.01962,199.67871,123.71278,243.59431,707.392,26.596842
92,09-1968,10.137931,10.06185,6.199231,16.511732,5.284036,2.2987032
93,10-1968,36.159462,32.658638,14.849112,88.59878,221.39215,14.879252
94,11-1968,24.123232,23.14209,7.75068,45.446728,102.964355,10.147136
95,12-1968,36.067413,35.417103,22.842428,54.63129,47.585926,6.8982553
96,01-1969,40.40179,40.661438,18.956099,76.41954,119.91334,10.950495
97,02-1969,78.548996,77.45973,42.122543,131.02028,389.40643,19.733383
98,03-1969,60.7425,57.53965,32.441166,112.51397,327.00607,18.08331
99,04-1969,94.57509,88.43887,46.780357,199.94493,947.05023,30.774181
100,05-1969,60.074425,55.253822,37.808292,120.82167,281.26743,16.771029
101,06-1969,27.062841,26.061913,11.011433,50.824753,67.43674,8.2119875
102,07-1969,158.61679,163.60896,97.29989,205.89594,522.0571,22.84857
103,08-1969,90.664665,92.26838,53.475243,108.971214,128.27922,11.326042
104,09-1969,65.12095,65.07035,49.01185,91.98872,55.426376,7.444889
105,10-1969,45.7329,41.51478,18.246744,114.6988,381.17932,19.523815
106,11-1969,6.1697927,6.075326,2.8699176,10.584555,3.8482156,1.961687
107,12-1969,1.8477451,1.6562421,1.0211419,3.6968036,0.42454666,0.65157247
108,01-1970,49.051445,48.222176,33.962845,78.102425,48.73244,6.9808626
109,02-1970,50.62727,48.789345,40.873188,66.982124,25.71825,5.0713162
110,03-1970,55.818783,53.709465,29.46146,99.65382,252.62886,15.894302
111,04-1970,41.482807,37.972454,11.926405,103.56477,416.2047,20.401096
112,05-1970,24.4028,21.781006,10.910508,59.7582,102.90984,10.144449
113,06-1970,65.65439,66.54007,36.590565,111.83733,210.16942,14.497221
114,07-1970,169.52943,169.86386,91.18415,245.80399,1157.981,34.029118
115,08-1970,168.2795,173.84784,110.46026,207.92609,584.48663,24.176159
116,09-1970,141.59409,142.74576,85.616585,209.40025,555.67096,23.572674
117,10-1970,32.99282,28.975384,6.4947467,99.212036,384.65927,19.612732
118,11-1970,1.0367708,0.92606556,0.4939257,2.2129562,0.15793507,0.39741045
119,12-1970,12.486561,12.538657,6.2297034,19.74898,13.142583,3.6252701
120,01-1971,8.130767,7.8164005,5.287009,13.732147,2.3151002,1.5215453
121,02-1971,89.04098,85.96468,34.23576,166.84326,1122.215,33.499477
122,03-1971,25.087574,23.241297,11.690554,49.836884,87.61352,9.360209
123,04-1971,66.63308,63.60855,34.541943,133.02133,403.5334,20.08814
124,05-1971,21.615557,21.16565,13.444174,37.500202,15.766436,3.9706972
125,06-1971,69.26225,68.79567,38.89845,120.85957,244.01694,15.621041
126,07-1971,145.12047,143.65501,87.29969,202.1394,611.93384,24.737297
127,08-1971,139.80707,142.88498,90.70282,169.25458,372.92825,19.31135
128,09-1971,65.9711,65.4852,49.660656,92.086876,50.319916,7.093653
129,10-1971,6.785338,6.160613,3.0474472,16.627705,7.063236,2.657675
130,11-1971,6.3109655,6.0191154,2.8870015,10.6513815,3.82323,1.9553082
131,12-1971,7.554212,7.3100343,3.9218836,12.4571705,4.048926,2.0121944
132,01-1972,77.82429,77.42598,56.225605,122.80106,156.64426,12.51576
133,02-1972,75.25459,73.82675,41.257156,117.756325,316.5119,17.790781
134,03-1972,95.167206,90.15911,33.641018,202.06218,1491.7345,38.62298
135,04-1972,51.110455,48.63108,30.063477,94.96209,185.43246,13.617359
136,05-1972,53.81885,48.1727,18.908516,138.35684,611.5571,24.729681
137,06-1972,56.724327,53.92925,33.51632,93.22913,146.46371,12.10222
138,07-1972,150.02641,151.70769,63.33809,235.52567,1609.316,40.11628
139,08-1972,173.89035,173.54445,111.94253,227.69579,774.8633,27.836367
140,09-1972,100.076164,100.19014,64.88332,143.61487,213.92445,14.626157
141,10-1972,28.652546,25.835531,12.094079,68.91264,124.2649,11.147417
142,11-1972,14.191592,14.012602,9.512067,19.972023,5.7043395,2.388376
143,12-1972,58.651802,58.190636,42.39019,79.05226,64.73655,8.045902
144,01-1973,95.81648,95.270096,41.757244,190.92567,820.9613,28.652422
145,02-1973,86.36102,84.68467,41.97719,150.33853,687.7723,26.225412
146,03-1973,117.29099,108.59719,38.322784,261.7074,2952.4126,54.33611
147,04-1973,55.252445,51.353104,17.92065,134.98409,628.04144,25.060755
148,05-1973,50.64212,47.59214,34.542362,93.39097,101.2941,10.064497
149,06-1973,20.272903,20.147762,12.16997,31.985775,14.6911745,3.8329067
150,07-1973,247.87375,250.92407,158.32509,320.80356,1073.7954,32.768818
151,08-1973,243.48967,250.74371,166.3251,309.74393,1287.2515,35.87829
152,09-1973,112.17082,112.11635,76.33887,164.22285,258.67737,16.08345
153,10-1973,16.161852,14.587592,4.3868933,42.103893,65.19589,8.074397
154,11-1973,2.287102,2.1765327,0.7718189,4.6618996,0.9305072,0.964628
155,12-1973,24.545494,24.059313,16.567717,36.865288,15.778263,3.972186
156,01-1974,55.89244,56.164593,26.932034,111.728165,231.23604,15.206448
157,02-1974,76.48758,75.96505,41.991367,125.12803,365.9975,19.131062
158,03-1974,30.338972,28.192474,12.035023,67.67126,154.47075,12.428626
159,04-1974,37.5909,36.020416,20.37221,70.0331,120.94684,10.997583
160,05-1974,32.344093,29.274883,15.761459,72.51656,136.66241,11.69027
161,06-1974,85.42743,81.48127,38.74717,173.7666,736.02014,27.129692
162,07-1974,160.1456,162.48293,99.587,219.86118,667.4122,25.834322
163,08-1974,155.2986,156.50885,84.21386,205.66118,776.0616,27.857882
164,09-1974,70.60689,71.736206,39.10011,113.917046,202.52855,14.231253
165,10-1974,5.3982325,4.812501,2.1263618,13.291374,5.09264,2.2566879
166,11-1974,1.9417937,1.7003624,0.5198246,4.608651,1.2080989,1.0991355
167,12-1974,48.421368,48.44126,28.26456,82.470726,105.95232,10.293314
168,01-1975,37.930023,37.70989,20.466084,72.19898,91.116486,9.545496
169,02-1975,75.29609,73.997406,44.05325,121.43861,285.82056,16.906229
170,03-1975,82.82554,79.37703,48.539528,150.10489,454.73343,21.32448
171,04-1975,53.00393,50.425842,29.75996,98.03876,225.89355,15.029756
172,05-1975,69.329285,62.683,30.146313,161.02287,747.6234,27.342703
173,06-1975,55.30969,55.89726,33.764183,78.57985,54.065372,7.352916
174,07-1975,245.05798,250.1981,140.72331,343.4058,1979.665,44.493427
175,08-1975,402.65118,404.57187,236.0136,523.28467,4495.495,67.048454
176,09-1975,99.20103,101.13,75.44914,135.1445,99.782425,9.989116
177,10-1975,7.842139,7.2587023,2.5088658,19.209623,13.289807,3.6455188
178,11-1975,5.3682737,4.968338,1.3397696,11.203728,6.979607,2.6418946
179,12-1975,13.62052,13.587021,8.032949,20.636192,10.417176,3.227565
180,01-1976,71.33859,70.823654,38.91101,132.65492,301.95398,17.376823
181,02-1976,120.337555,118.503296,63.750523,197.61522,938.19763,30.630013
182,03-1976,71.363945,68.578674,41.881195,123.28373,323.9155,17.997652
183,04-1976,46.34625,43.73034,30.877493,81.73489,107.04485,10.346249
184,05-1976,21.237839,19.497482,14.920611,39.536022,19.590845,4.4261546
185,06-1976,48.843895,48.69722,31.281374,71.7365,48.813187,6.9866433
186,07-1976,123.25577,126.515434,76.42364,153.21133,221.29597,14.87602
187,08-1976,559.21295,571.35693,355.6171,721.46014,7383.005,85.924416
188,09-1976,125.0014,127.960915,90.899185,171.1742,174.93347,13.226242
189,10-1976,26.847794,24.118841,12.063662,66.14446,114.320564,10.69208
190,11-1976,2.4135525,2.1872551,0.67775893,5.3239145,1.5086304,1.2282631
191,12-1976,9.4162,9.243853,4.286255,16.512661,6.943144,2.6349845
192,01-1977,119.1784,116.63818,81.63013,188.47884,343.69687,18.539062
193,02-1977,14.576546,13.951372,7.2283893,24.13135,16.047321,4.005911
194,03-1977,13.149511,12.285664,5.877766,27.007341,25.7127,5.0707693
195,04-1977,74.48529,70.10601,51.261765,134.29497,246.22243,15.691476
196,05-1977,31.846565,30.480427,20.580729,59.547012,54.20672,7.362521
197,06-1977,49.563847,50.323128,30.435173,63.675655,41.751133,6.4615116
198,07-1977,284.19083,291.3254,175.53238,380.62958,2165.8518,46.53871
199,08-1977,125.2216,127.57073,81.05158,152.45248,279.00638,16.703484
200,09-1977,73.813446,73.8223,48.69926,109.577034,124.67083,11.165609
201,10-1977,29.148928,25.7376,11.691312,75.95032,158.16444,12.5763445
202,11-1977,14.282129,13.810127,6.048877,24.311337,22.96378,4.7920537
203,12-1977,30.960318,30.814999,13.395908,59.364193,87.59525,9.359234
204,01-1978,44.139603,43.81528,34.1828,66.39275,31.2848,5.5932817
205,02-1978,40.527058,39.513588,25.066994,59.898167,54.119286,7.356581
206,03-1978,155.00699,148.34244,107.78328,249.89568,867.8423,29.459164
207,04-1978,37.728973,35.604683,24.29577,67.70704,77.93254,8.827941
208,05-1978,24.49812,21.241486,5.6050744,70.438,198.02852,14.072261
209,06-1978,43.128517,42.67562,26.718718,74.437546,69.02961,8.308406
210,07-1978,429.55835,438.02,207.34122,619.6217,8193.19,90.51624
211,08-1978,202.54836,207.6659,135.40369,242.33818,628.5698,25.071295
212,09-1978,72.36737,73.2206,56.4451,100.920204,38.788578,6.228048
213,10-1978,8.116672,7.6586857,3.5608256,17.564913,9.2242155,3.0371394
214,11-1978,37.76161,35.59317,10.803487,76.99764,296.56738,17.221132
215,12-1978,4.278331,4.1654515,2.2776918,7.986496,1.4757392,1.2148001
216,01-1979,70.11829,70.26962,51.190052,92.67284,43.06518,6.5624065
217,02-1979,96.80402,93.5275,69.43304,129.83379,188.08847,13.714535
218,03-1979,92.6657,88.54707,58.039726,158.92368,460.32007,21.45507
219,04-1979,75.81583,68.04938,20.428154,194.88791,1585.4028,39.817116
220,05-1979,65.17761,59.269417,35.75228,141.49854,459.60184,21.438326
221,06-1979,53.29168,52.382065,29.210592,95.513275,170.56503,13.060055
222,07-1979,106.43123,109.55565,67.19947,130.69937,183.74098,13.555109
223,08-1979,278.79645,280.03497,149.04652,391.16968,3300.407,57.44917
224,09-1979,94.045876,95.80152,71.926315,129.10077,75.66979,8.698838
225,10-1979,6.695713,6.689919,4.066364,10.759622,1.3371842,1.1563668
226,11-1979,27.314404,26.341656,16.12262,41.726765,32.549957,5.705257
227,12-1979,23.068586,22.917677,14.188233,37.32952,21.076323,4.5908957
228,01-1980,58.4405,57.69425,46.08006,83.538155,33.87942,5.8206034
229,02-1980,109.6257,108.00333,48.25011,191.65189,1116.9374,33.420612
230,03-1980,85.10689,81.99593,55.537315,137.9276,318.2349,17.83914
231,04-1980,30.51416,28.663105,16.053953,63.61362,98.07372,9.903218
232,05-1980,40.753944,36.583794,16.160421,99.05842,315.1383,17.752134
233,06-1980,100.632835,100.68132,56.606617,174.6321,513.2932,22.655975
234,07-1980,248.01878,253.30995,147.21858,347.0674,2158.288,46.45738
235,08-1980,147.10939,151.86731,85.57567,177.97081,374.67764,19.356592
236,09-1980,121.846054,124.08085,65.769806,199.81876,576.06036,24.001257
237,10-1980,27.18139,25.02438,14.639029,58.28826,68.40621,8.270804
238,11-1980,22.31317,21.602074,12.625046,34.206387,27.2814,5.22316
239,12-1980,22.902006,22.38139,15.721535,32.80413,12.188916,3.491263
240,01-1981,101.77514,101.26077,80.45258,156.10278,124.72799,11.168169
241,02-1981,82.25878,80.49194,47.81079,127.01594,315.47583,17.761639
242,03-1981,163.62656,155.05745,79.9771,314.89096,2913.2898,53.9749
243,04-1981,78.37954,70.60504,17.343613,210.69447,1849.4028,43.004684
244,05-1981,43.407772,39.437798,22.800446,93.731636,213.60559,14.615252
245,06-1981,47.25605,45.102074,13.913037,104.168594,376.08444,19.392897
246,07-1981,265.89,272.63983,162.3699,358.3709,1822.0167,42.68509
247,08-1981,167.26434,170.03127,100.671844,201.31696,426.59314,20.65413
248,09-1981,32.45515,32.543724,15.929487,56.780254,77.977264,8.830474
249,10-1981,21.572834,19.743782,11.898964,48.233097,47.4269,6.886719
250,11-1981,9.342495,9.040004,4.4837856,15.753223,7.349142,2.71093
251,12-1981,5.1624436,5.254506,2.402458,7.7678747,2.059359,1.4350467
252,01-1982,52.23947,51.705284,42.57255,75.64579,18.774405,4.332944
253,02-1982,72.82493,71.18167,43.495804,113.52402,252.03265,15.875536
254,03-1982,134.44658,130.04755,95.94645,215.46815,562.4317,23.715643
255,04-1982,71.18191,67.741455,46.054005,129.34296,263.9514,16.24658
256,05-1982,34.982845,33.667847,22.92038,63.590927,50.11064,7.078887
257,06-1982,19.834084,19.669476,12.112306,33.68055,18.246479,4.2715898
258,07-1982,92.68078,92.594635,47.350925,137.18228,393.97034,19.848686
259,08-1982,197.11688,203.45676,113.49591,242.97118,772.1125,27.786913
260,09-1982,42.49873,42.721237,22.674463,70.26123,91.064316,9.542763
261,10-1982,37.032078,32.615685,19.218204,92.18487,182.42793,13.506589
262,11-1982,51.038544,48.70582,24.07903,89.47651,267.37015,16.351458
263,12-1982,58.014233,56.55327,31.096106,99.408844,193.75175,13.919474
264,01-1983,66.8714,67.25119,45.581795,111.71979,114.322586,10.692174
265,02-1983,46.106083,45.63138,35.187473,64.24887,31.161427,5.582242
266,03-1983,145.88478,139.9524,73.32726,276.612,2032.91,45.087803
267,04-1983,127.18985,121.000244,83.15371,221.74477,708.6114,26.619755
268,05-1983,56.34195,55.73252,34.090973,101.31394,145.52524,12.063384
269,06-1983,67.74446,65.59711,26.88136,131.986,454.08368,21.309238
270,07-1983,159.05016,162.38882,94.780556,216.61905,769.4927,27.73973
271,08-1983,339.0603,346.35345,198.80273,411.81906,1926.083,43.88716
272,09-1983,68.64461,69.65113,46.640938,84.66458,39.06054,6.249843
273,10-1983,20.633312,20.477116,10.957429,41.50243,32.251583,5.6790476
274,11-1983,4.712924,4.466522,1.7435322,8.800887,3.5028524,1.8715909
275,12-1983,10.356416,10.269085,5.2439823,16.586103,8.337109,2.8874052
276,01-1984,17.975113,17.799244,11.099633,29.448324,12.622379,3.5527987
277,02-1984,68.77601,67.47194,47.695847,95.749664,110.142555,10.494883
278,03-1984,60.116444,57.63388,33.94633,103.7279,238.63101,15.447686
279,04-1984,65.13423,62.1622,35.93597,128.84337,349.45593,18.69374
280,05-1984,35.940994,31.246994,6.925428,104.55184,439.86905,20.973055
281,06-1984,45.065216,43.55967,26.823038,76.8957,93.17285,9.652609
282,07-1984,245.1877,251.46042,150.56607,328.90866,1596.9647,39.96204
283,08-1984,322.56238,331.47595,203.8136,389.9539,1875.9502,43.31224
284,09-1984,127.0009,128.48544,64.85023,210.34668,866.26764,29.432425
285,10-1984,8.376327,7.5705986,3.5622811,19.349094,10.107548,3.179237
286,11-1984,24.57722,23.790941,9.851223,42.899754,76.333466,8.736902
287,12-1984,27.818365,27.363285,18.334232,45.310226,24.605469,4.96039
288,01-1985,40.95715,40.98764,25.292904,71.91926,71.396904,8.449669
289,02-1985,19.502483,18.731337,11.059212,30.854721,21.398954,4.6259003
290,03-1985,22.196667,20.928461,12.526978,39.45669,38.38304,6.195405
291,04-1985,52.594208,49.24723,37.05808,92.84697,110.99816,10.535566
292,05-1985,48.51923,44.119442,22.172594,113.41296,358.0458,18.922098
293,06-1985,14.488506,14.354184,8.233834,21.594292,7.3075347,2.7032452
294,07-1985,172.86711,176.54132,98.15179,237.4377,988.8975,31.446741
295,08-1985,198.69383,201.56003,134.9784,250.65657,790.26514,28.111654
296,09-1985,16.628796,16.0425,10.231781,25.600985,9.420275,3.0692465
297,10-1985,31.333193,28.945526,16.103418,68.730995,98.434105,9.921396
298,11-1985,6.921676,6.6923447,2.9391346,11.899443,5.4542785,2.3354397
299,12-1985,124.858536,124.77654,65.48102,214.10547,848.57935,29.130384
300,01-1986,21.95783,21.47279,13.60454,35.62823,19.798817,4.449586
301,02-1986,106.923904,104.91304,57.452065,176.83542,735.84174,27.126404
302,03-1986,115.77683,111.871124,64.91866,205.6879,968.3547,31.118397
303,04-1986,78.31028,74.547455,42.751186,154.3215,503.94885,22.448805
304,05-1986,33.301704,32.39682,23.672146,54.0399,20.010002,4.473254
305,06-1986,57.80956,56.41199,28.311348,110.042725,268.23065,16.377748
306,07-1986,170.73788,174.01276,107.66495,226.82642,605.06995,24.59817
307,08-1986,302.02454,303.2616,163.47028,425.28943,3872.5483,62.2298
308,09-1986,58.620106,59.603355,40.084156,86.11207,72.19025,8.496485
309,10-1986,24.548912,22.81932,14.145072,51.060337,45.313564,6.731535
310,11-1986,63.95361,60.76138,22.782015,119.58973,632.7131,25.153788
311,12-1986,86.168976,85.880745,39.179848,149.52203,545.9617,23.365822
312,01-1987,11.299766,10.801026,7.0037727,19.230757,6.327533,2.5154588
313,02-1987,88.463264,85.71548,61.047977,123.87864,162.34526,12.741478
314,03-1987,96.44674,91.798096,67.0228,150.72997,340.04755,18.440378
315,04-1987,69.44848,63.375526,22.376223,172.43138,1058.6816,32.537388
316,05-1987,69.427986,65.208435,45.354725,136.06378,298.86227,17.287634
317,06-1987,93.81369,90.87403,35.611126,186.54594,1017.08923,31.891836
318,07-1987,127.108475,129.30424,65.46294,182.47038,629.70685,25.09396
319,08-1987,80.87082,81.6121,48.49837,98.19777,115.30107,10.737834
320,09-1987,35.518475,35.592796,21.048763,53.379166,35.647045,5.970515
321,10-1987,85.55063,77.33157,31.769249,212.17766,1308.5519,36.173912
322,11-1987,1.0277497,0.9231327,0.4939257,2.144567,0.14775635,0.3843909
323,12-1987,8.826169,8.383612,4.3805633,14.724382,5.774889,2.4030998
324,01-1988,57.96563,57.85533,36.197647,95.59068,109.307014,10.455
325,02-1988,66.37527,64.68115,27.936459,118.75237,445.03094,21.095757
326,03-1988,139.57231,134.04565,84.08079,242.44835,1187.0302,34.453304
327,04-1988,24.758303,22.791454,10.053082,57.2701,103.25676,10.161533
328,05-1988,11.594399,10.469834,6.686022,24.109331,13.080174,3.6166525
329,06-1988,82.20751,78.43602,31.465237,172.06253,889.1948,29.81937
330,07-1988,274.7586,282.195,151.40034,382.7933,2802.7861,52.941345
331,08-1988,225.43771,225.19348,139.7676,298.1414,1353.9703,36.796337
332,09-1988,76.47718,75.52005,55.294353,110.69536,104.379425,10.216625
333,10-1988,13.997507,12.678854,6.2627606,32.779922,27.433922,5.23774
334,11-1988,4.2629347,4.090965,2.2248638,7.0436583,1.5030872,1.2260046
335,12-1988,61.47311,60.98249,46.20527,89.195946,42.439278,6.5145435
336,01-1989,50.966183,50.295414,40.62065,75.66955,22.978674,4.7936077
337,02-1989,37.099533,36.266415,18.409204,59.773354,98.93272,9.946492
338,03-1989,56.032753,53.4683,40.98189,87.656555,92.642914,9.625119
339,04-1989,38.38872,36.450657,17.108114,81.19782,178.96068,13.377619
340,05-1989,47.726074,42.727867,16.838772,121.70823,485.07117,22.024332
341,06-1989,32.773823,31.479834,18.59789,54.304806,47.962006,6.925461
342,07-1989,308.6056,315.07147,166.98079,435.63388,3442.935,58.67653
343,08-1989,204.59013,205.1958,131.01611,276.34418,1111.7413,33.342785
344,09-1989,80.16293,80.035416,53.254017,111.89691,117.04885,10.818912
345,10-1989,15.402072,13.891933,6.029198,37.551315,37.622406,6.133711
346,11-1989,11.199242,10.692768,5.986609,18.80473,9.470489,3.077416
347,12-1989,40.794716,40.309643,28.903618,53.09194,18.971766,4.355659
348,01-1990,78.28218,78.71886,43.32014,141.76784,320.93356,17.91462
349,02-1990,101.571465,100.90962,72.620056,146.44511,213.47649,14.610834
350,03-1990,113.788086,109.448296,72.849335,194.08748,597.5937,24.44573
351,04-1990,43.311817,40.30027,25.258297,87.89593,150.54138,12.26953
352,05-1990,22.454554,20.81263,15.133543,41.740242,21.947199,4.684784
353,06-1990,43.34982,41.64297,21.159544,76.81174,128.06947,11.316778
354,07-1990,104.33373,106.42728,76.70431,135.2144,170.39044,13.053369
355,08-1990,244.85748,250.85385,148.6961,296.1989,1008.8196,31.76192
356,09-1990,117.1715,117.5696,75.88819,144.41924,240.79666,15.517624
357,10-1990,30.41186,28.067896,13.547773,70.32152,126.45267,11.245117
358,11-1990,4.8102894,4.767207,2.7643502,7.4634004,1.2627829,1.1237361
359,12-1990,153.41025,153.61386,75.11933,269.33682,1519.3834,38.97927
360,01-1991,36.34203,37.03471,21.40745,60.966717,66.02994,8.125881
361,02-1991,107.10842,105.110886,64.7822,166.39362,522.2888,22.85364
362,03-1991,77.929146,75.26466,38.321217,143.24205,578.9253,24.060867
363,04-1991,103.19666,97.25991,69.32398,181.61438,461.1318,21.47398
364,05-1991,67.17694,61.20764,37.628162,141.4801,440.68433,20.992483
365,06-1991,28.762634,28.32074,16.749685,48.648293,47.39656,6.8845162
366,07-1991,133.88318,136.43417,63.062363,201.61276,968.5708,31.12187
367,08-1991,161.91882,165.84212,93.510185,200.08104,560.0873,23.666162
368,09-1991,115.12459,115.0869,77.996124,166.0459,283.42175,16.835135
369,10-1991,7.163081,7.116986,4.522656,12.699408,1.5243678,1.2346529
370,11-1991,6.7120476,6.480525,3.538821,10.340993,2.8930674,1.7009019
371,12-1991,18.246546,18.21007,9.806109,30.965513,15.734428,3.9666646
372,01-1992,151.32288,148.22028,102.322426,248.2024,535.1301,23.13288
373,02-1992,70.44868,68.177345,53.039845,96.97159,69.122894,8.314018
374,03-1992,135.70233,131.05255,70.81591,244.542,1429.9222,37.814312
375,04-1992,64.983086,62.547935,41.299,113.85666,227.99074,15.099362
376,05-1992,59.071728,54.56545,39.272118,113.93028,217.71822,14.755278
377,06-1992,23.499956,22.913345,14.777548,37.490234,19.48498,4.4141793
378,07-1992,129.49329,129.1578,78.74698,177.17123,439.88715,20.973486
379,08-1992,233.32402,233.81842,142.27748,287.44507,1036.1189,32.1888
380,09-1992,146.73537,149.36563,99.98914,217.34021,366.40015,19.141582
381,10-1992,28.773298,26.681273,13.641363,63.464985,97.980225,9.898496
382,11-1992,25.569036,24.975567,14.350756,39.052452,35.873135,5.9894185
383,12-1992,25.189037,23.925728,16.067968,39.5269,27.684917,5.261646
384,01-1993,55.98132,56.122112,34.573677,96.078094,110.96167,10.533834
385,02-1993,53.279922,52.415207,29.477037,85.38654,144.18446,12.007684
386,03-1993,102.67652,98.743835,60.11889,178.2714,677.8855,26.036234
387,04-1993,36.044716,33.848373,28.77395,57.98179,31.12511,5.5789886
388,05-1993,33.8803,30.562433,15.790665,77.90471,166.28316,12.895082
389,06-1993,81.60834,78.85811,33.975445,156.77527,602.3904,24.543642
390,07-1993,270.84384,278.0672,137.12733,394.1497,3131.0796,55.95605
391,08-1993,68.719955,69.01315,39.673763,90.32583,120.01262,10.955028
392,09-1993,105.20625,106.99912,71.27232,154.5158,188.90492,13.744268
393,10-1993,12.714499,11.724779,4.623992,30.34033,28.305496,5.320291
394,11-1993,13.0142565,12.292004,4.6552196,24.593697,26.290283,5.127405
395,12-1993,2.9774885,2.7976441,1.5389702,5.440843,0.9948566,0.99742496
396,01-1994,56.703,56.795578,31.354067,103.07212,162.68225,12.754695
397,02-1994,81.41735,79.81509,43.250626,135.04715,446.8412,21.138618
398,03-1994,58.261524,55.561592,27.66164,114.41511,388.76376,19.717093
399,04-1994,77.24907,73.67383,43.55601,147.71104,446.31464,21.12616
400,05-1994,40.060726,38.015305,23.109669,83.51126,134.72037,11.606911
401,06-1994,70.21039,68.08333,36.5164,129.08534,339.31827,18.420593
402,07-1994,333.66104,336.22363,201.05823,450.09216,2980.2976,54.592102
403,08-1994,207.39853,211.42752,128.83574,249.36664,693.7661,26.33944
404,09-1994,110.74215,111.76111,74.180374,165.9978,257.75122,16.054632
405,10-1994,44.814686,41.1489,21.988813,99.16329,226.96227,15.065267
406,11-1994,5.827153,5.7748423,3.7717624,8.881799,1.0132363,1.0065963
407,12-1994,86.00789,85.41044,47.055046,144.6426,362.78442,19.0469
408,01-1995,26.991282,26.866867,20.403978,42.535507,13.196336,3.6326761
409,02-1995,85.11813,84.842804,57.763744,129.14873,233.69078,15.286948
410,03-1995,58.93112,56.85803,37.535744,94.01522,150.22928,12.256805
411,04-1995,99.131386,93.99844,57.114277,187.64256,725.7419,26.939596
412,05-1995,31.656853,28.899555,16.744112,67.60612,111.21185,10.545703
413,06-1995,61.778877,58.798332,28.426239,109.8783,309.638,17.596533
414,07-1995,383.36212,389.05652,189.76212,551.3331,5974.3687,77.29404
415,08-1995,242.71275,248.39243,146.17674,297.3426,1167.019,34.16166
416,09-1995,83.808205,85.10541,59.630493,110.15875,60.11999,7.7537084
417,10-1995,33.69688,30.815481,16.742771,74.45444,125.849304,11.218258
418,11-1995,19.10098,17.936195,7.1914415,34.816948,52.449345,7.242192
419,12-1995,20.866701,20.697687,7.98527,40.339844,49.18407,7.0131354
420,01-1996,58.4518,57.238518,40.290203,102.772095,100.19465,10.0097275
421,02-1996,105.19259,103.57844,58.465965,174.2573,636.55304,25.230003
422,03-1996,111.09454,105.687775,50.898983,217.13,1443.2773,37.99049
423,04-1996,62.818314,57.56176,18.560501,156.39095,891.5148,29.858244
424,05-1996,61.830215,55.297615,27.787888,148.82611,624.6383,24.992765
425,06-1996,132.7415,130.44092,65.46158,247.12129,1255.1572,35.4282
426,07-1996,121.67673,122.85571,58.711082,185.13118,804.012,28.355106
427,08-1996,259.6366,266.36993,172.02808,309.15152,981.4509,31.328117
428,09-1996,67.09002,68.53161,47.14011,85.762695,35.508377,5.9588904
429,10-1996,42.903797,39.447685,19.712582,101.20963,244.90805,15.649538
430,11-1996,15.858106,15.344046,6.56504,27.285587,29.197159,5.4034395
431,12-1996,8.904742,8.884781,4.154896,17.387669,7.233977,2.6896052
432,01-1997,29.756695,29.367283,24.380196,43.446022,7.9343214,2.8167927
433,02-1997,20.628286,19.771328,14.414027,30.568306,11.783826,3.4327579
434,03-1997,62.184803,60.026714,32.064198,110.91151,339.82608,18.434372
435,04-1997,114.92187,109.12835,78.819046,196.76704,528.815,22.995977
436,05-1997,43.012486,40.075676,30.421501,81.08845,94.0716,9.699052
437,06-1997,87.18094,86.49179,60.019913,137.16757,183.21849,13.535823
438,07-1997,173.35312,177.86102,96.11487,238.68988,1044.0582,32.31189
439,08-1997,354.25058,364.3648,189.08012,491.42667,5270.07,72.595245
440,09-1997,49.240414,49.7914,36.32333,71.89374,28.840736,5.370357
441,10-1997,53.23957,51.690865,35.771854,100.41984,121.7424,11.033694
442,11-1997,21.461468,20.533436,9.650301,37.203888,46.56088,6.823553
443,12-1997,35.0983,34.87171,20.427702,57.15697,53.83711,7.3373775
444,01-1998,63.45491,62.505306,32.078133,125.36287,335.17218,18.307709
445,02-1998,133.13881,129.18263,77.79835,208.85916,946.4592,30.764578
446,03-1998,50.349434,47.76047,32.21439,85.01129,138.22699,11.756997
447,04-1998,102.05018,95.49976,51.605476,210.00858,1131.623,33.639606
448,05-1998,50.758224,45.152164,26.23054,120.09404,356.48148,18.880716
449,06-1998,81.02879,78.00902,34.771614,149.91162,573.3908,23.94558
450,07-1998,186.8257,192.94489,121.547165,242.11624,779.86346,27.926035
451,08-1998,147.86798,149.32906,95.75884,179.40335,368.17203,19.187809
452,09-1998,88.307304,88.17502,63.974884,137.32205,145.50497,12.062544
453,10-1998,39.417625,38.319374,22.350857,80.93257,125.729454,11.212914
454,11-1998,1.206949,1.0991589,0.6134663,2.3335824,0.17231789,0.4151119
455,12-1998,2.7461617,2.0212047,0.94704056,9.488134,3.3968916,1.8430659
456,01-1999,113.873665,113.84846,78.68518,186.54189,255.69305,15.990405
457,02-1999,63.21207,60.656284,26.448257,114.93809,494.9482,22.24743
458,03-1999,50.18947,47.908062,28.33624,89.08135,182.19415,13.4979315
459,04-1999,47.638554,40.680313,7.268617,146.40843,933.98193,30.561117
460,05-1999,22.418085,19.808481,12.91473,52.02726,62.625175,7.913607
461,06-1999,32.860966,33.43921,17.9158,57.809364,66.574875,8.159343
462,07-1999,143.36337,144.54466,89.718765,196.78703,530.18176,23.025677
463,08-1999,162.48509,164.71652,116.52578,214.71921,496.57892,22.28405
464,09-1999,92.7517,92.892105,61.85646,135.61275,178.14801,13.34721
465,10-1999,4.42942,3.8940182,1.6692642,11.9001875,4.617883,2.148926
466,11-1999,32.88308,31.244278,11.299456,62.910885,181.91275,13.487503
467,12-1999,1.7836771,1.6155648,0.94704056,3.5734184,0.40234298,0.6343051
468,01-2000,63.823135,63.526752,42.027847,107.99805,110.88358,10.530128
469,02-2000,40.26786,39.217735,24.309025,61.387997,64.99028,8.061655
470,03-2000,30.390053,28.35336,13.686575,57.096115,105.59377,10.275883
471,04-2000,13.037464,11.692539,5.109955,31.751417,33.20125,5.7620525
472,05-2000,22.27296,20.45814,13.383275,46.403507,43.799786,6.6181407
473,06-2000,65.302536,62.50432,30.114147,129.60384,409.5418,20.237139
474,07-2000,229.73843,232.05536,125.67349,318.60324,1742.2097,41.739784
475,08-2000,153.1816,153.31447,89.28314,207.46043,731.8489,27.052706
476,09-2000,79.190506,78.86386,55.183376,117.14433,108.30504,10.406971
477,10-2000,9.632808,8.627293,3.879956,23.201315,16.222374,4.027701
478,11-2000,9.135642,8.886732,3.7444181,15.641275,9.267406,3.0442414
479,12-2000,16.47741,15.724682,9.633267,27.472948,18.66131,4.319874
480,01-2001,15.250852,15.685033,8.658029,19.810844,6.672034,2.583028
481,02-2001,22.33814,21.158072,11.505519,36.90137,38.203217,6.1808753
482,03-2001,47.343807,45.07217,23.749016,89.333145,229.4875,15.148845
483,04-2001,44.003677,41.51634,28.196846,79.96338,103.71832,10.184219
484,05-2001,28.352917,27.374283,16.67869,53.420795,47.337692,6.8802395
485,06-2001,122.997185,122.008896,76.04478,210.25645,634.7878,25.194996
486,07-2001,225.28531,232.55089,148.06003,288.25183,968.8005,31.12556
487,08-2001,155.22063,153.98239,94.599045,209.38109,673.98474,25.961216
488,09-2001,72.575165,72.310684,52.35205,102.00514,69.26308,8.322444
489,10-2001,12.645862,11.5695095,5.5175085,30.370716,23.725378,4.8708706
490,11-2001,22.031397,20.66143,5.511546,46.025593,111.656075,10.566744
491,12-2001,13.543515,13.46026,6.174987,25.677324,15.931375,3.9914126
492,01-2002,31.366375,30.916634,20.433672,51.09733,33.431824,5.782026
493,02-2002,81.52758,78.666626,44.30126,132.8735,465.4107,21.57338
494,03-2002,57.31206,55.159973,28.44424,104.52319,308.7803,17.572145
495,04-2002,53.567703,51.127464,22.05936,118.02098,423.42426,20.577274
496,05-2002,20.026417,18.95279,10.237458,41.965275,41.384014,6.4330406
497,06-2002,107.37594,104.14775,49.59858,200.00572,869.1057,29.480598
498,07-2002,66.57904,67.75847,30.85604,104.845924,286.0304,16.912434
499,08-2002,200.04205,200.36807,121.37762,268.232,1094.1055,33.077267
500,09-2002,85.87164,87.6679,63.103695,123.098854,101.78433,10.088822
501,10-2002,9.120378,8.584358,6.927209,16.515802,2.6482282,1.6273378
502,11-2002,9.934031,9.854197,5.5819993,16.395367,5.727559,2.3932319
503,12-2002,29.441824,28.904346,20.067242,42.520878,15.862027,3.982716
504,01-2003,30.612886,29.810709,23.502792,46.885582,12.943159,3.5976603
505,02-2003,198.6707,195.32669,105.991165,328.22443,2431.2034,49.307236
506,03-2003,90.295334,86.63649,42.55049,172.35362,863.72595,29.389215
507,04-2003,74.5517,71.16518,36.729595,152.041,597.46423,24.44308
508,05-2003,52.098953,46.569115,17.27818,135.26749,619.70905,24.893955
509,06-2003,53.53457,53.44243,25.710463,99.138336,211.34633,14.537755
510,07-2003,247.5644,251.86008,153.45757,328.573,1650.2444,40.6232
511,08-2003,225.18518,226.22577,133.34659,279.28036,999.95404,31.62205
512,09-2003,128.11137,127.170525,91.75334,181.49274,235.20631,15.336437
513,10-2003,17.985573,16.253819,6.910761,44.901123,57.52582,7.584578
514,11-2003,27.454624,26.500107,13.605205,45.30201,63.81504,7.9884315
515,12-2003,32.627945,32.593452,16.114166,58.479046,74.13985,8.61045
516,01-2004,113.85205,111.99476,87.16053,172.37163,144.54498,12.022686
517,02-2004,64.24707,62.81566,36.50013,102.64599,233.82103,15.291207
518,03-2004,13.146858,12.031152,4.865466,29.263725,34.421906,5.867018
519,04-2004,86.71225,81.47444,36.175144,191.50523,1097.2887,33.125347
520,05-2004,38.86409,36.97219,20.000587,81.25755,156.78781,12.521494
521,06-2004,59.36635,57.544037,32.244427,108.9255,227.32423,15.077275
522,07-2004,121.80751,124.02677,77.48846,164.64037,362.25195,19.032917
523,08-2004,206.8778,208.11276,123.99936,247.94185,633.1856,25.16318
524,09-2004,63.861496,65.97887,37.59111,74.66516,59.6258,7.7217746
525,10-2004,50.68832,45.718506,22.915054,118.99295,358.26233,18.927818
526,11-2004,13.92074,13.377813,6.470181,23.48499,18.101917,4.254635
527,12-2004,43.536446,42.033123,25.379103,69.16523,91.87248,9.585013
528,01-2005,129.61212,128.1896,88.62076,212.31664,372.52914,19.301014
529,02-2005,135.35524,132.87115,87.65678,200.63615,608.8338,24.674559
530,03-2005,61.400303,58.783813,38.696983,107.91464,218.50145,14.781795
531,04-2005,60.326046,56.364876,22.514288,140.45918,640.8722,25.315454
532,05-2005,50.694366,46.24859,27.59079,112.56307,309.20596,17.584253
533,06-2005,21.007185,20.931768,12.166357,37.341694,23.855318,4.8841906
534,07-2005,189.25867,194.85599,126.17056,238.7943,614.2134,24.783329
535,08-2005,109.36912,112.92551,62.292675,133.83272,225.05782,15.001927
536,09-2005,88.715744,89.85167,59.02592,105.56578,87.95279,9.378315
537,10-2005,26.657051,24.323303,11.838535,61.19117,90.9932,9.539036
538,11-2005,21.02418,19.810488,5.66919,42.23835,92.74781,9.630567
539,12-2005,4.145827,3.9952738,1.3426476,8.753542,2.9922976,1.7298259
540,01-2006,115.29189,114.53848,63.449722,206.96011,719.1012,26.816063
541,02-2006,57.03209,56.31351,24.075584,102.01505,362.12253,19.029518
542,03-2006,46.092186,43.57627,34.71016,73.423775,58.944336,7.6775217
543,04-2006,40.113598,37.44082,14.773895,92.447205,272.56195,16.50945
544,05-2006,23.31354,22.891539,14.789436,38.992867,13.013257,3.6073892
545,06-2006,64.15804,63.62371,35.25941,116.58033,254.02678,15.938217
546,07-2006,278.5338,284.38177,166.80551,374.6383,2111.8486,45.954853
547,08-2006,359.0921,360.19226,208.37662,488.062,3985.8296,63.133427
548,09-2006,96.57815,98.95341,65.3787,144.1552,200.89871,14.173874
549,10-2006,38.486958,36.396217,20.542553,84.87135,159.42859,12.626503
550,11-2006,38.552578,36.596817,18.324617,65.198784,147.80247,12.157404
551,12-2006,101.289024,99.03883,62.92219,156.29225,358.54608,18.935312
552,01-2007,5.952395,6.0558214,3.6446145,8.822334,1.1002984,1.0489511
553,02-2007,113.708275,113.2166,78.95791,165.06723,306.26108,17.500317
554,03-2007,149.45718,143.94055,89.57849,255.54692,1283.5675,35.826912
555,04-2007,21.227842,19.772392,7.8331485,47.567238,77.282814,8.791064
556,05-2007,34.074947,31.156754,19.488764,72.1226,113.07838,10.633832
557,06-2007,110.769135,107.66778,53.76778,207.5928,929.09344,30.481033
558,07-2007,217.63992,217.1307,141.06432,295.14255,1077.3911,32.823635
559,08-2007,124.83684,125.18111,79.81372,159.21823,240.8758,15.520174
560,09-2007,102.43904,103.28499,72.37176,145.29494,157.46101,12.548347
561,10-2007,2.576804,2.2783551,1.1766952,6.3583727,1.1164583,1.0566258
562,11-2007,8.546847,8.527733,3.7226324,14.106059,7.0404024,2.6533756
563,12-2007,10.290969,9.955329,6.6576753,16.167158,5.8449116,2.4176252
564,01-2008,105.62315,103.744385,65.880135,172.61346,340.83017,18.461586
565,02-2008,37.989838,36.438667,25.644104,54.67572,41.51126,6.4429235
566,03-2008,11.742319,10.79933,6.0713053,22.027517,14.895592,3.8594809
567,04-2008,102.516785,96.116806,62.179916,195.56113,750.02826,27.386644
568,05-2008,36.256397,32.294014,19.340017,81.59279,161.47473,12.707271
569,06-2008,98.06145,97.99968,54.47595,173.47063,532.8681,23.083937
570,07-2008,196.92691,196.72975,122.11181,267.00696,960.0772,30.985113
571,08-2008,309.75366,318.2317,187.06544,377.68405,1708.7009,41.336437
572,09-2008,82.87529,83.10721,57.269886,121.3876,115.79477,10.7607975
573,10-2008,26.800728,23.917055,11.034479,66.14108,119.6687,10.939319
574,11-2008,15.04311,14.219414,5.160984,28.538683,36.915466,6.07581
575,12-2008,73.6681,71.55979,36.929718,125.32863,374.22522,19.344902
576,01-2009,87.4633,85.508896,57.34175,146.46654,223.8582,14.961891
577,02-2009,117.76752,115.2531,61.318485,191.38583,967.51154,31.104847
578,03-2009,59.19381,56.530945,39.58665,98.92616,168.20613,12.969431
579,04-2009,96.00893,90.877686,50.04417,192.98666,893.20734,29.886574
580,05-2009,36.973846,33.51926,21.762602,77.7708,129.0516,11.360088
581,06-2009,73.568214,70.715004,31.17397,144.15573,561.80194,23.702362
582,07-2009,97.79465,97.64894,59.04075,128.92308,162.4351,12.745003
583,08-2009,131.84474,134.85902,80.487236,157.25522,246.67436,15.705871
584,09-2009,64.201294,63.98797,43.038315,94.00498,86.871056,9.320464
585,10-2009,10.733695,11.037862,6.5153604,15.247722,2.7396843,1.6551992
586,11-2009,22.047749,21.118534,9.534413,37.871933,51.047314,7.14474
587,12-2009,19.659382,19.092505,6.7740536,39.832653,57.44835,7.5794687
588,01-2010,29.540005,28.82882,20.963614,42.52147,18.321505,4.2803626
589,02-2010,89.14322,86.30127,44.56834,149.4735,683.2475,26.139004
590,03-2010,46.18157,43.4871,24.538795,88.28749,224.22496,14.974143
591,04-2010,41.978584,39.31524,16.977726,95.08567,289.66592,17.019575
592,05-2010,62.0963,55.863396,28.686668,145.86333,580.21704,24.087694
593,06-2010,87.78689,84.019455,45.120857,156.89668,485.69745,22.038544
594,07-2010,417.16293,413.59848,252.39067,591.26306,5068.2695,71.19178
595,08-2010,418.35,419.27435,264.35492,551.90704,4136.225,64.31349
596,09-2010,98.82484,99.05887,73.08944,134.80635,92.36674,9.610762
597,10-2010,9.778491,8.759677,5.4944453,23.128147,11.576726,3.402459
598,11-2010,1.8474936,1.6749344,0.7912331,3.8914144,0.5245481,0.72425693
599,12-2010,16.048182,16.52618,9.725567,25.796543,8.305183,2.8818715
600,01-2011,33.754513,33.789642,14.171973,68.029625,123.9308,11.1324215
601,02-2011,132.62839,129.75607,79.0172,204.1275,840.7086,28.994976
602,03-2011,52.89907,49.945297,27.200827,99.65133,289.30215,17.008884
603,04-2011,52.131977,48.873642,33.5354,97.52931,168.69084,12.988104
604,05-2011,22.21623,19.834488,13.216914,49.044456,56.48997,7.515981
605,06-2011,56.46531,56.16056,25.553196,109.28536,291.0541,17.060308
606,07-2011,144.60495,147.17139,98.30134,193.21498,459.93695,21.44614
607,08-2011,236.30907,242.75226,145.05515,285.68805,904.5592,30.075891
608,09-2011,135.1585,137.74854,97.882774,190.4895,238.15062,15.43213
609,10-2011,32.297413,29.679941,14.54082,75.71098,140.90028,11.870143
610,11-2011,11.27571,10.670801,4.813456,20.120806,15.487816,3.9354563
611,12-2011,6.872124,6.6532974,4.2804437,10.794249,1.8017371,1.342288
612,01-2012,71.605095,69.71292,53.259945,111.86263,83.96079,9.1630125
613,02-2012,53.42623,50.856743,33.56682,87.10493,186.40448,13.653003
614,03-2012,61.500614,57.47146,22.623735,133.4285,757.02185,27.51403
615,04-2012,71.40772,67.232544,49.19321,129.7815,242.17413,15.561945
616,05-2012,33.780277,30.826504,19.866438,72.4182,118.82781,10.900817
617,06-2012,21.357002,20.1569,9.795407,42.955254,51.302258,7.1625595
618,07-2012,100.34313,99.97748,53.007915,139.49968,285.5343,16.89776
619,08-2012,176.35992,180.12018,97.94537,212.11378,519.5568,22.793789
620,09-2012,157.79979,160.69292,112.12191,230.51273,388.9065,19.720713
621,10-2012,26.567392,24.665249,14.893946,57.67597,69.89085,8.360075
622,11-2012,9.295767,8.755272,3.9810903,18.08542,12.913264,3.593503
623,12-2012,63.798023,62.33497,41.903824,99.215385,130.09744,11.406027
624,01-2013,43.746708,42.434883,28.50296,72.48566,61.599133,7.8485117
625,02-2013,134.32727,131.50964,71.90517,221.30045,1132.8633,33.658035
626,03-2013,93.74592,90.30996,59.430794,152.0481,447.39792,21.151783
627,04-2013,69.95179,65.24115,35.076984,144.16522,491.85175,22.17773
628,05-2013,18.104742,16.321407,8.938774,42.39254,46.07371,6.7877617
629,06-2013,119.2962,119.90077,73.280045,195.90979,537.34564,23.180717
630,07-2013,224.76125,227.05698,128.34157,316.31213,1639.9425,40.496204
631,08-2013,300.46265,299.81146,197.12543,383.8529,1866.9753,43.20851
632,09-2013,79.5394,79.325836,53.552814,116.567764,118.25571,10.874544
633,10-2013,29.914742,28.461082,18.497963,56.743835,48.33895,6.952622
634,11-2013,37.171303,35.98613,18.069874,60.601963,118.64429,10.892396
635,12-2013,9.952222,9.695789,5.544752,16.209755,4.9059534,2.2149386
636,01-2014,32.97449,33.02389,19.422806,58.580727,42.45365,6.5156465
637,02-2014,59.610207,57.280212,38.43881,89.21929,144.02934,12.001223
638,03-2014,156.50882,149.90204,92.603065,273.74377,1548.8544,39.355488
639,04-2014,108.807205,102.4318,60.985455,207.39134,878.21,29.63461
640,05-2014,52.212833,47.475838,30.598534,112.173874,271.61618,16.480782
641,06-2014,45.29298,44.57939,26.76664,75.22919,85.065575,9.2231
642,07-2014,141.68979,142.18073,87.10822,197.70883,558.29877,23.628347
643,08-2014,166.76176,166.46394,108.32292,218.94086,592.646,24.344322
644,09-2014,156.58244,161.26947,104.83188,236.10892,546.7107,23.381845
645,10-2014,37.967987,34.18106,17.649529,89.692345,196.60667,14.02165
646,11-2014,26.92169,25.764702,13.12459,44.190964,61.4348,7.8380356
647,12-2014,2.211576,1.8622253,0.9506018,5.254196,1.0907844,1.0444063
648,01-2015,57.347244,56.578087,44.63402,85.335175,36.694767,6.0576205
649,02-2015,105.01304,102.78601,56.67169,172.61687,680.28143,26.082205
650,03-2015,194.29897,185.24893,114.49605,342.6599,2355.022,48.52857
651,04-2015,111.99181,106.648834,58.057583,226.77074,1203.9136,34.697456
652,05-2015,48.06392,43.876076,28.88987,99.614204,206.64934,14.375303
653,06-2015,69.583466,69.08911,40.020233,120.59918,235.54227,15.347386
654,07-2015,264.44205,270.4162,151.04645,369.00806,2231.0195,47.23367
655,08-2015,333.94742,334.98218,201.72845,411.6087,1920.1953,43.820034
656,09-2015,101.14082,102.92204,74.4493,148.90685,155.92249,12.486893
657,10-2015,43.116684,39.465477,20.942005,100.02387,235.28871,15.339124
658,11-2015,19.192032,18.20856,7.702584,35.472282,51.412945,7.170282
659,12-2015,23.280533,22.301886,13.329136,37.334023,29.909285,5.4689384
660,01-2016,51.87941,50.782146,38.220303,79.54419,46.566998,6.824002
661,02-2016,30.946096,29.683207,15.473494,53.47714,82.7,9.093954
662,03-2016,124.062775,119.39502,73.653564,216.03714,1000.4687,31.630186
663,04-2016,38.77833,36.04184,19.566248,83.16194,186.15799,13.643972
664,05-2016,53.241222,48.79667,33.527782,105.91431,215.64008,14.684689
665,06-2016,81.86012,80.24042,40.97462,150.59334,452.12366,21.263199
666,07-2016,239.9428,246.24767,157.91185,307.9899,1179.9164,34.34991
667,08-2016,210.13715,216.37659,133.29214,255.43233,774.6373,27.832308
668,09-2016,62.319138,62.60645,42.50408,78.820946,33.11276,5.754369
669,10-2016,4.1330204,3.7925324,1.9741194,9.224717,2.3515675,1.5334822
670,11-2016,3.0089622,2.88527,1.3997829,5.5342007,1.0446209,1.022067
671,12-2016,23.39317,22.712822,16.529572,32.84321,11.600059,3.405886
672,01-2017,136.10687,134.78168,94.21577,222.93912,384.49945,19.608658
673,02-2017,62.045578,60.203457,33.220577,101.60937,277.74265,16.665613
674,03-2017,44.765568,42.652912,24.995007,79.66621,158.34882,12.583673
675,04-2017,91.7763,85.34169,45.321083,191.18222,881.90045,29.696808
676,05-2017,30.142952,27.471006,17.300951,64.28756,90.48266,9.512238
677,06-2017,81.97709,83.571335,47.474415,140.13965,316.45905,17.789295
678,07-2017,149.63327,153.336,92.777275,199.20488,560.13007,23.667067
679,08-2017,150.6195,153.61835,93.58942,181.27698,369.0672,19.211123
680,09-2017,70.46731,70.4223,44.336708,110.53096,132.8808,11.527393
681,10-2017,2.7181702,2.3804264,1.1796767,6.463008,1.2985781,1.1395518
682,11-2017,26.224781,25.864868,14.842551,39.52902,38.861248,6.233879
683,12-2017,27.687534,27.283266,17.42875,44.403835,24.017916,4.900808
684,01-2018,6.603627,6.071055,4.2341566,10.793803,2.4652147,1.5701002
685,02-2018,54.84121,53.10148,32.949177,83.77273,150.68181,12.275252
686,03-2018,48.953194,47.058846,31.206694,77.713234,125.227165,11.190495
687,04-2018,65.71373,61.975132,32.955757,137.17877,469.50348,21.66803
688,05-2018,33.834476,30.750374,19.28144,73.60938,125.106346,11.185095
689,06-2018,73.89429,75.53041,44.08429,120.97884,209.94942,14.489632
690,07-2018,177.09645,180.40253,101.55686,240.14267,963.7572,31.04444
691,08-2018,167.79065,167.58315,109.61634,223.75655,651.1051,25.516762
692,09-2018,71.05053,72.78945,48.92848,103.526215,90.268684,9.500983
693,10-2018,14.81292,13.332123,6.6232386,35.04384,30.868992,5.555987
694,11-2018,22.13471,20.666344,8.053539,42.342484,74.84287,8.651177
695,12-2018,13.817216,13.240032,8.49024,21.062399,8.673103,2.9450133
