,tmax_FileName,tmax_AverageValues,tmax_MedianValues,tmax_MinValues,tmax_MaxValues,tmax_Variance,tmax_StandardDeviation
0,01-1961,16.486372,17.463238,7.8405175,18.887201,4.5772715,2.1394558
1,02-1961,15.536664,16.603575,5.5173254,18.514977,6.590564,2.5672092
2,03-1961,22.634838,23.56911,12.680821,25.82047,6.3331714,2.5165794
3,04-1961,27.623022,28.878399,16.42789,31.155895,9.358387,3.059148
4,05-1961,34.080776,35.551315,22.026114,37.80142,11.455166,3.3845482
5,06-1961,37.50619,38.954292,26.05016,40.91991,9.887729,3.144476
6,07-1961,33.595894,34.606613,24.934797,36.28228,5.6795573,2.3831823
7,08-1961,32.021122,32.998924,23.968094,34.759445,5.3535643,2.313777
8,09-1961,32.95858,34.039078,23.749996,35.954433,6.5264626,2.5546942
9,10-1961,29.020134,30.105446,19.367922,32.12892,7.1240406,2.6690898
10,11-1961,21.954063,22.948877,13.330737,24.563667,5.425299,2.3292272
11,12-1961,16.35582,17.264065,8.247421,18.61041,4.27935,2.0686588
12,01-1962,15.322414,16.306774,6.5781913,17.7872,4.73975,2.1770966
13,02-1962,18.335379,19.396183,8.438333,21.310808,6.408081,2.5314188
14,03-1962,22.634981,23.649166,12.931341,25.620298,5.9570093,2.4406986
15,04-1962,27.935556,29.141823,16.59473,31.681608,9.784094,3.1279535
16,05-1962,33.034943,34.550026,20.663092,37.086315,12.306667,3.508086
17,06-1962,37.410778,38.849495,25.849812,40.90168,10.063204,3.1722553
18,07-1962,33.51416,34.55416,24.622297,36.294064,6.0699053,2.4637177
19,08-1962,32.074913,33.11064,23.947088,34.82368,5.328044,2.3082557
20,09-1962,30.071636,31.145948,20.828989,33.114506,6.5189714,2.5532277
21,10-1962,28.423155,29.42809,19.05577,31.607046,6.647782,2.5783293
22,11-1962,21.730484,22.611723,12.964071,24.5095,5.725865,2.392878
23,12-1962,16.849327,17.782608,8.568081,19.289576,4.608498,2.1467414
24,01-1963,16.68033,17.695362,7.6231565,19.248138,5.159966,2.271556
25,02-1963,19.664858,20.715256,9.717672,22.689976,6.515294,2.5525074
26,03-1963,22.323902,23.277546,12.530994,25.364569,6.0584044,2.4613826
27,04-1963,26.90563,28.113026,15.769557,30.514229,9.365941,3.0603826
28,05-1963,31.44814,32.904884,19.392952,35.24274,11.462827,3.3856797
29,06-1963,38.007652,39.476044,26.429152,41.576683,10.1978655,3.1934097
30,07-1963,34.224052,35.32345,25.138964,37.018196,6.278261,2.5056458
31,08-1963,32.000744,33.00952,23.809414,34.933575,5.6995,2.3873625
32,09-1963,31.579689,32.63546,22.278814,34.61537,6.539917,2.557326
33,10-1963,30.15187,31.21981,20.64761,33.30548,7.0006166,2.6458678
34,11-1963,23.106073,24.043812,14.455912,25.827728,5.563217,2.3586473
35,12-1963,17.654503,18.568905,9.627109,19.96718,4.2915716,2.071611
36,01-1964,12.782795,13.726484,4.140517,15.248139,4.5981765,2.144336
37,02-1964,16.241352,17.28942,6.284513,19.270878,6.4784327,2.5452766
38,03-1964,23.54206,24.486057,13.476829,26.72377,6.498594,2.549234
39,04-1964,27.50455,28.656643,16.09473,31.368221,10.115676,3.180515
40,05-1964,32.301403,33.780136,19.871946,36.391968,12.626307,3.5533514
41,06-1964,36.3405,37.753464,24.899986,39.65741,9.704406,3.1151896
42,07-1964,32.289093,33.3527,23.392784,34.978115,5.9578376,2.4408681
43,08-1964,32.456303,33.48797,24.376602,35.09104,5.3005915,2.3023014
44,09-1964,31.57809,32.644966,22.270308,34.634468,6.66032,2.5807595
45,10-1964,28.811453,29.881508,19.305944,31.909649,6.95276,2.6368086
46,11-1964,22.452984,23.42387,13.910078,25.061062,5.3727045,2.3179095
47,12-1964,16.636862,17.505041,8.526761,18.977077,4.365343,2.0893404
48,01-1965,16.411406,17.360172,7.798851,18.82314,4.6103926,2.1471825
49,02-1965,16.538574,17.556538,6.216978,19.848309,7.3261538,2.706687
50,03-1965,21.906645,22.726418,11.735161,25.282103,6.843295,2.6159692
51,04-1965,24.631147,25.871096,13.54855,28.08107,9.099902,3.0166044
52,05-1965,31.829493,33.31693,19.726114,35.595345,11.620364,3.4088655
53,06-1965,37.096226,38.544132,25.579327,40.51418,9.907376,3.1475985
54,07-1965,32.525963,33.58728,23.672123,35.186447,5.905287,2.4300797
55,08-1965,30.637201,31.653507,22.597261,33.343643,5.241078,2.28934
56,09-1965,31.443682,32.537067,22.237495,34.424793,6.401266,2.5300725
57,10-1965,29.826143,30.90675,20.426603,32.77215,6.6670876,2.5820704
58,11-1965,23.651943,24.641201,15.014592,26.275126,5.4664626,2.3380468
59,12-1965,16.692417,17.642868,8.539262,19.033848,4.396485,2.0967796
60,01-1966,17.4812,18.499313,9.036003,19.509596,4.216867,2.0535011
61,02-1966,19.43326,20.486328,9.617672,22.318274,6.2747607,2.5049472
62,03-1966,21.566645,22.461334,11.568321,24.747034,6.4902277,2.5475926
63,04-1966,26.102608,27.292334,14.765217,29.630548,9.661849,3.1083515
64,05-1966,32.92571,34.45739,20.538786,36.78545,12.266348,3.5023346
65,06-1966,37.65085,39.10988,26.15016,41.091785,9.914315,3.1487005
66,07-1966,32.991726,34.082138,24.009798,35.719067,6.0735545,2.4644582
67,08-1966,32.056683,33.071495,23.776255,34.93531,5.6543074,2.3778787
68,09-1966,30.352467,31.42598,21.020481,33.437813,6.7776184,2.603386
69,10-1966,27.810654,28.906292,18.172785,30.930481,7.1060653,2.6657205
70,11-1966,22.490137,23.48116,13.764419,25.087626,5.5515304,2.3561685
71,12-1966,16.64235,17.546576,8.455928,18.992182,4.446298,2.1086247
72,01-1967,14.679601,15.708595,5.765691,17.148659,4.931639,2.2207294
73,02-1967,18.494095,19.558956,8.43434,21.609072,6.7897534,2.6057155
74,03-1967,21.241577,22.214714,11.147661,24.367867,6.536459,2.55665
75,04-1967,26.291529,27.483063,15.22789,29.839401,9.171115,3.028385
76,05-1967,31.70682,33.21559,19.451286,35.65368,12.084842,3.476326
77,06-1967,37.452686,38.870766,25.795992,40.92564,10.195786,3.1930842
78,07-1967,33.784504,34.86225,24.872124,36.4991,5.972846,2.4439406
79,08-1967,31.384459,32.37833,23.297262,34.139477,5.3612213,2.315431
80,09-1967,31.642397,32.73038,22.408329,34.64042,6.541708,2.5576763
81,10-1967,27.300726,28.4085,17.664278,30.446106,7.2050085,2.6842146
82,11-1967,22.23177,23.18721,13.514244,24.869396,5.5544806,2.3567946
83,12-1967,16.841896,17.704542,8.835269,19.046349,4.1421466,2.0352263
84,01-1968,13.703526,14.681559,4.969684,16.168972,4.718729,2.1722636
85,02-1968,15.004892,16.052126,5.2471857,17.910809,6.1544237,2.480811
86,03-1968,22.061296,23.00784,12.109987,25.246166,6.4557147,2.5408099
87,04-1968,27.414413,28.637398,16.09473,31.102442,9.678099,3.1109643
88,05-1968,30.876263,32.380974,18.559446,34.820343,12.157967,3.4868276
89,06-1968,37.563797,38.97415,25.937311,41.09491,10.193018,3.1926506
90,07-1968,33.466625,34.524757,24.572124,36.196342,6.01719,2.452996
91,08-1968,31.635742,32.651024,23.517921,34.41951,5.3762584,2.318676
92,09-1968,32.760006,33.8655,23.366663,35.837814,6.8314466,2.6137037
93,10-1968,27.94739,29.03571,18.326603,31.09819,7.0851345,2.6617916
94,11-1968,22.463783,23.423239,13.814245,25.010021,5.4672728,2.33822
95,12-1968,16.222176,17.133636,7.868602,18.630617,4.7062163,2.1693816
96,01-1969,14.796025,15.759775,6.0158644,17.333035,4.815003,2.1943114
97,02-1969,16.50597,17.55212,6.4221864,19.593273,6.776026,2.60308
98,03-1969,24.650986,25.451752,14.564328,27.814568,6.617822,2.5725129
99,04-1969,26.572016,27.663265,15.00289,30.489056,10.488282,3.2385616
100,05-1969,31.846333,33.33571,19.64278,35.70368,11.870525,3.4453628
101,06-1969,36.982304,38.42374,25.34582,40.42824,10.096642,3.1775212
102,07-1969,33.801033,34.875168,24.830456,36.53903,6.0892444,2.4676394
103,08-1969,32.275536,33.306896,24.084763,34.967773,5.393976,2.3224936
104,09-1969,31.52542,32.605446,22.24965,34.535336,6.534636,2.5562935
105,10-1969,29.449438,30.542133,19.893444,32.52319,6.9038153,2.6275113
106,11-1969,23.337187,24.270123,14.610251,26.043951,5.5475645,2.355327
107,12-1969,18.426132,19.319595,10.164435,20.74114,4.532122,2.128878
108,01-1970,15.859738,16.846897,7.2198577,18.356472,4.604202,2.1457403
109,02-1970,18.284718,19.332542,8.630173,21.052475,5.9376073,2.4367206
110,03-1970,21.88543,22.848066,12.043147,24.944603,6.1251597,2.474906
111,04-1970,29.720522,30.92141,18.386223,33.41423,9.769731,3.1256568
112,05-1970,35.46821,36.975433,23.14278,39.28701,12.057847,3.472441
113,06-1970,37.675114,39.123695,26.171165,41.271473,10.230821,3.1985655
114,07-1970,33.655304,34.752113,24.638964,36.346592,6.0883303,2.4674542
115,08-1970,32.98179,33.92183,25.018269,35.716217,5.172876,2.2743957
116,09-1970,32.248997,33.323654,23.00833,35.313633,6.5742435,2.5640287
117,10-1970,30.158154,31.233345,20.656116,33.236214,6.9555964,2.6373465
118,11-1970,23.59354,24.584244,15.089418,26.03502,5.233438,2.2876709
119,12-1970,17.80141,18.671713,9.664435,20.086973,4.3855143,2.094162
120,01-1971,15.31481,16.278671,6.861524,17.587202,4.3063293,2.0751698
121,02-1971,17.902636,18.922745,8.37184,20.69501,5.811201,2.4106433
122,03-1971,23.680637,24.660923,14.085161,26.585402,5.723566,2.3923976
123,04-1971,29.891148,31.131819,18.678064,33.405376,9.456686,3.0751724
124,05-1971,34.638695,36.161446,22.317606,38.73381,12.464182,3.530465
125,06-1971,37.093243,38.490067,25.795818,40.564182,9.827179,3.134833
126,07-1971,33.127907,34.148697,24.405283,35.758842,5.7289715,2.393527
127,08-1971,32.08123,33.085125,23.926428,34.856144,5.4612074,2.3369226
128,09-1971,30.805593,31.86391,21.324995,33.99875,6.970649,2.6401987
129,10-1971,29.169924,30.269684,19.697437,31.944546,6.650664,2.5788882
130,11-1971,23.989273,24.95946,15.326745,26.587626,5.4880066,2.3426495
131,12-1971,18.85568,19.802639,10.897943,21.04114,4.1548467,2.0383441
132,01-1972,15.70908,16.689247,7.3408647,18.033035,4.16199,2.0400956
133,02-1972,14.043885,15.091139,4.1346865,17.073307,6.471568,2.5439277
134,03-1972,22.018833,22.865555,11.947661,25.21943,6.7514133,2.5983481
135,04-1972,26.891531,28.124283,15.657057,30.455894,9.46072,3.0758283
136,05-1972,32.842304,34.30775,20.559446,36.89465,12.128148,3.4825492
137,06-1972,37.206226,38.63064,25.516653,40.79231,10.378615,3.2215858
138,07-1972,33.20256,34.312477,24.06813,36.018196,6.33883,2.5177033
139,08-1972,31.357899,32.43216,23.01393,34.15267,5.7209296,2.3918464
140,09-1972,30.866426,31.94595,21.620481,33.914505,6.5364776,2.5566535
141,10-1972,28.200895,29.284868,18.759764,31.084648,6.692732,2.5870314
142,11-1972,24.043785,25.047625,15.530738,26.576166,5.246294,2.290479
143,12-1972,17.295265,18.157799,9.318254,19.55364,4.1778593,2.0439813
144,01-1973,14.7349825,15.708594,6.0818367,17.23564,4.6512804,2.1566827
145,02-1973,18.330032,19.382652,8.5970125,21.139107,6.099938,2.4698052
146,03-1973,21.238209,22.140501,11.047315,24.542868,6.841164,2.615562
147,04-1973,28.823164,30.001274,17.42355,32.47239,9.8789215,3.1430752
148,05-1973,34.24637,35.781242,21.83028,38.1976,12.39097,3.520081
149,06-1973,38.741123,40.180832,27.300333,42.138138,9.888764,3.1446407
150,07-1973,33.32051,34.35179,24.62629,36.000507,5.7756066,2.4032493
151,08-1973,31.634703,32.581738,23.709763,34.30716,5.1660523,2.272895
152,09-1973,32.557087,33.636963,23.30833,35.558647,6.588584,2.5668237
153,10-1973,28.955341,30.052639,19.439104,31.965378,6.947278,2.635769
154,11-1973,24.186317,25.196625,15.568411,26.696999,5.32177,2.3068962
155,12-1973,17.316376,18.250568,9.468776,19.51041,3.9757583,1.9939303
156,01-1974,15.104947,16.06625,6.386698,17.535639,4.7163258,2.1717103
157,02-1974,14.870066,15.878639,4.8273945,17.883205,6.711033,2.5905662
158,03-1974,24.112825,25.079706,13.963808,27.418736,6.750974,2.5982637
159,04-1974,29.67976,30.917439,18.457058,33.239403,9.404582,3.066689
160,05-1974,33.663105,35.206306,21.334274,37.560104,12.22055,3.4957902
161,06-1974,36.1397,37.60888,24.59148,39.67095,10.075408,3.1741784
162,07-1974,33.284504,34.36225,24.372124,35.9991,5.972846,2.4439406
163,08-1974,32.39123,33.442657,24.022436,35.24278,5.6892924,2.3852239
164,09-1974,31.560003,32.60141,22.095829,34.71125,6.902307,2.6272242
165,10-1974,28.163847,29.233086,18.635458,31.236212,6.9790673,2.6417925
166,11-1974,22.646423,23.639908,14.092717,25.238146,5.268205,2.295257
167,12-1974,15.342347,16.235167,6.8932548,17.858847,4.85035,2.202351
168,01-1975,14.692414,15.680343,5.7155175,17.259077,5.0637627,2.2502806
169,02-1975,15.063294,16.109982,5.1383324,18.089975,6.488273,2.5472088
170,03-1975,20.600048,21.53255,10.760161,23.72377,6.1730103,2.4845543
171,04-1975,26.773369,27.987896,15.52789,30.48161,9.608139,3.0996997
172,05-1975,33.306923,34.80739,20.83028,37.339268,12.612026,3.5513415
173,06-1975,36.035397,37.46823,24.5295,39.50741,10.02492,3.1662154
174,07-1975,32.19829,33.21148,23.534798,34.892178,5.6845827,2.3842363
175,08-1975,31.689947,32.693947,23.768095,34.324547,5.023202,2.24125
176,09-1975,31.003925,32.070793,21.808329,34.014503,6.4432855,2.5383627
177,10-1975,29.817808,30.901146,20.256117,32.926315,7.020889,2.6496959
178,11-1975,21.68653,22.668835,12.893585,24.426167,5.6889687,2.385156
179,12-1975,17.716724,18.589798,9.422769,20.168745,4.622351,2.1499653
180,01-1976,16.320572,17.283617,7.5073576,18.956472,4.8706746,2.2069604
181,02-1976,16.24694,17.269117,6.242846,19.350044,6.6125197,2.571482
182,03-1976,20.172514,21.020042,10.076828,23.468735,6.7159824,2.5915213
183,04-1976,26.988686,28.199001,15.757057,30.61857,9.510469,3.083905
184,05-1976,33.827477,35.276634,21.54278,37.745342,12.112705,3.4803312
185,06-1976,35.725636,37.171356,24.170818,39.266785,10.145763,3.1852415
186,07-1976,33.840233,34.87121,25.134798,36.561447,5.7971897,2.4077353
187,08-1976,30.532032,31.469988,22.701256,33.148823,5.0450497,2.2461188
188,09-1976,31.245522,32.325985,21.941143,34.314503,6.6319227,2.575252
189,10-1976,28.882427,29.970875,19.272783,32.027878,7.1318464,2.6705518
190,11-1976,22.531631,23.42506,13.765286,25.391869,5.7331476,2.3943992
191,12-1976,17.379467,18.250206,9.355928,19.586973,4.2038307,2.0503244
192,01-1977,14.29842,15.257491,5.5280175,16.9122,4.838991,2.1997707
193,02-1977,17.396837,18.443096,7.497013,20.320704,6.468698,2.5433636
194,03-1977,24.97081,25.906387,15.052002,28.142,6.375212,2.5249183
195,04-1977,28.339828,29.566284,17.21973,31.859734,9.252354,3.041768
196,05-1977,32.15255,33.61622,19.934273,36.037975,11.984217,3.4618227
197,06-1977,36.835323,38.276,25.441652,40.211056,9.685426,3.1121416
198,07-1977,33.387768,34.396538,24.67247,36.061447,5.740799,2.3959963
199,08-1977,31.956856,32.93435,23.897263,34.73618,5.3030353,2.3028321
200,09-1977,31.44785,32.5808,22.262148,34.434467,6.4965696,2.548837
201,10-1977,29.641975,30.72651,19.993444,33.031525,7.3263288,2.7067192
202,11-1977,24.12854,25.063404,15.197751,26.930334,5.9237795,2.4338815
203,12-1977,17.926237,18.782862,9.401762,20.63541,5.018808,2.2402697
204,01-1978,14.617795,15.550189,5.545031,17.353867,5.3763323,2.318692
205,02-1978,17.07267,18.147831,7.0136795,20.17001,6.6915216,2.5867975
206,03-1978,20.02668,20.971445,9.930647,23.394604,6.6897326,2.5864518
207,04-1978,28.262745,29.481388,17.027891,31.971714,9.554983,3.0911136
208,05-1978,36.340572,37.86017,23.938787,40.305935,12.369184,3.516985
209,06-1978,38.358032,39.799694,26.816998,41.880848,10.03251,3.1674137
210,07-1978,32.06114,33.042583,23.59834,34.64478,5.3607397,2.3153272
211,08-1978,31.950293,32.913967,23.909761,34.735313,5.380696,2.3196328
212,09-1978,31.918196,33.028793,22.76215,34.8553,6.4114943,2.5320928
213,10-1978,29.396763,30.470398,19.876778,32.508087,6.9485254,2.6360056
214,11-1978,22.375587,23.259178,13.785078,25.048563,5.4498634,2.3344944
215,12-1978,18.517624,19.374863,10.364435,21.025515,4.4352016,2.1059918
216,01-1979,16.375643,17.363235,7.7490244,18.866367,4.525178,2.1272466
217,02-1979,17.479614,18.525517,7.788506,20.368448,5.9794445,2.4452903
218,03-1979,20.48984,21.418625,10.784814,23.673077,5.946781,2.4386022
219,04-1979,29.300386,30.541008,18.040043,32.923275,9.5369425,3.0881941
220,05-1979,30.830742,32.354675,18.48896,34.847603,12.333072,3.5118473
221,06-1979,37.31185,38.743935,25.73766,40.80168,10.0546665,3.1709094
222,07-1979,34.328182,35.387283,25.492783,36.998947,5.8918147,2.4273062
223,08-1979,31.433453,32.496582,23.243095,34.207012,5.3649015,2.3162258
224,09-1979,30.87254,31.94595,21.649649,33.914505,6.4995337,2.5494182
225,10-1979,29.998884,31.073498,20.751604,32.92163,6.433819,2.5364974
226,11-1979,23.853264,24.826647,15.155911,26.469397,5.5162196,2.3486633
227,12-1979,18.126793,18.99039,10.118255,20.39739,4.166174,2.0411208
228,01-1980,14.925747,15.89458,6.403191,17.32314,4.599887,2.1447346
229,02-1980,16.85899,17.859648,7.10552,19.853344,6.228431,2.4956825
230,03-1980,20.618277,21.477375,10.780822,23.783838,6.1805935,2.48608
231,04-1980,29.680592,30.903807,18.386223,33.31857,9.608711,3.0997922
232,05-1980,34.58977,36.062008,22.192606,38.545345,12.359186,3.5155635
233,06-1980,37.56185,39.030266,26.079327,41.070953,9.925324,3.1504483
234,07-1980,33.469296,34.493034,24.755457,36.161446,5.7511597,2.3981576
235,08-1980,31.633974,32.64736,23.455595,34.439476,5.452516,2.3350623
236,09-1980,31.176634,32.24913,21.970655,34.143024,6.452635,2.5402038
237,10-1980,29.216385,30.282969,19.788929,32.29246,6.7491,2.597903
238,11-1980,23.69566,24.661592,15.268412,26.180332,5.099911,2.2582984
239,12-1980,18.154848,19.078995,10.018254,20.479681,4.3894615,2.0951042
240,01-1981,15.655747,16.647789,7.186177,18.107513,4.480761,2.1167808
241,02-1981,17.691734,18.726227,7.8760056,20.670877,6.2672048,2.5034385
242,03-1981,21.83852,22.78944,12.205821,25.00884,5.885936,2.4260948
243,04-1981,28.692608,29.936337,17.42789,32.26963,9.579775,3.0951211
244,05-1981,34.41755,35.875137,22.213614,38.27451,11.89657,3.4491405
245,06-1981,36.701332,38.135323,25.066826,40.272514,10.212355,3.1956775
246,07-1981,32.455826,33.509384,23.651464,35.10024,5.7574534,2.3994694
247,08-1981,31.547443,32.57219,23.305769,34.418644,5.5644855,2.3589163
248,09-1981,31.614239,32.675957,22.278814,34.70396,6.6525655,2.5792568
249,10-1981,27.70253,28.783585,18.13511,30.956524,7.101296,2.6648257
250,11-1981,22.648506,23.618599,14.080912,25.269396,5.409894,2.325918
251,12-1981,17.516863,18.451351,9.397595,19.977077,4.413823,2.1009102
252,01-1982,16.268698,17.266533,7.598851,18.656473,4.4984946,2.1209655
253,02-1982,15.012566,15.98625,5.1760054,17.958378,6.3045506,2.5108864
254,03-1982,19.17866,20.075111,9.572661,22.28297,5.874368,2.4237096
255,04-1982,27.57667,28.82095,16.431885,31.121714,9.226319,3.0374856
256,05-1982,31.751612,33.22979,19.817606,35.418007,11.092005,3.330466
257,06-1982,36.615986,38.082634,25.029152,40.10168,10.094135,3.177127
258,07-1982,34.188915,35.285324,25.22195,36.875507,6.061586,2.4620287
259,08-1982,31.487375,32.54145,23.426428,34.28288,5.2424726,2.2896447
260,09-1982,30.858616,31.901411,21.416489,34.072838,6.885308,2.623987
261,10-1982,28.3985,29.477901,18.814102,31.504961,6.9422646,2.6348178
262,11-1982,21.73517,22.586792,12.947926,24.58041,5.731084,2.3939683
263,12-1982,16.677244,17.582073,8.293255,19.094786,4.743613,2.1779838
264,01-1983,15.384878,16.380903,6.5988507,17.897097,4.7860417,2.1877024
265,02-1983,17.38885,18.432264,7.6593394,20.212543,6.024534,2.4544926
266,03-1983,19.47595,20.351194,9.480821,22.68957,6.5167255,2.5527878
267,04-1983,24.907679,26.148853,13.86105,28.360235,9.033306,3.0055459
268,05-1983,32.41248,33.92999,20.317606,36.284157,11.710858,3.4221132
269,06-1983,35.6706,37.10154,24.04981,39.191784,10.150856,3.1860409
270,07-1983,32.97763,34.0527,24.051464,35.65728,5.9743304,2.4442444
271,08-1983,31.90793,32.84852,24.030422,34.465343,4.9869523,2.2331486
272,09-1983,32.1807,33.264606,22.84965,35.171146,6.6773024,2.5840476
273,10-1983,28.509785,29.603458,18.98893,31.531525,6.852207,2.6176722
274,11-1983,23.950798,24.941465,15.4307375,26.399605,5.153896,2.2702193
275,12-1983,17.27127,18.133238,9.268428,19.58489,4.267112,2.0656989
276,01-1984,15.257275,16.255121,6.9363503,17.487202,4.128763,2.031936
277,02-1984,15.283296,16.291672,5.5176725,18.250914,6.177865,2.485531
278,03-1984,24.101507,25.05552,14.089328,27.414568,6.5400386,2.55735
279,04-1984,27.789272,29.03141,16.44855,31.508171,9.779707,3.1272523
280,05-1984,35.49321,37.026787,22.988613,39.53059,12.598581,3.549448
281,06-1984,38.932686,40.413033,27.479324,42.322517,9.796222,3.1298916
282,07-1984,32.592422,33.606613,23.946949,35.269783,5.6820917,2.383714
283,08-1984,32.0896,33.074013,24.147436,34.68774,5.1257653,2.2640152
284,09-1984,29.84917,30.923653,20.60833,32.913635,6.575088,2.5641935
285,10-1984,28.525827,29.602787,18.997437,31.61642,6.9589043,2.6379735
286,11-1984,22.39927,23.349472,13.926744,25.027208,5.1907787,2.278328
287,12-1984,16.612278,17.456867,8.243428,19.225513,4.7974296,2.1903036
288,01-1985,15.666407,16.621094,6.807358,18.256474,4.9856257,2.2328515
289,02-1985,19.605587,20.698639,9.684512,22.531643,6.3833795,2.526535
290,03-1985,24.1497,25.099194,14.172314,27.432104,6.4407864,2.5378704
291,04-1985,28.72254,29.976355,17.661049,32.21598,9.035633,3.005933
292,05-1985,34.063904,35.55819,21.6841,38.022255,12.3127775,3.5089567
293,06-1985,37.602264,39.08593,26.020645,41.10012,10.092315,3.1768403
294,07-1985,33.45308,34.438065,24.897123,36.079678,5.4992332,2.3450444
295,08-1985,31.847134,32.82862,23.797262,34.56031,5.270879,2.2958395
296,09-1985,32.265522,33.349064,23.020481,35.243023,6.513267,2.5521102
297,10-1985,27.91878,28.997417,18.497437,30.990898,6.692274,2.586943
298,11-1985,23.343988,24.323708,14.759905,26.04023,5.4774694,2.3403995
299,12-1985,17.647522,18.506208,9.485095,20.022911,4.4126654,2.1006346
300,01-1986,14.542136,15.53808,5.8198576,17.068972,4.7067485,2.1695042
301,02-1986,16.96451,18.000385,7.4435406,19.714975,5.748524,2.397608
302,03-1986,20.562721,21.47744,10.793322,23.778805,6.1415486,2.4782147
303,04-1986,27.13448,28.397278,15.84855,30.800879,9.568828,3.093352
304,05-1986,32.250607,33.758404,20.005106,36.184155,12.025852,3.4678311
305,06-1986,36.57251,38.034157,25.008492,40.15845,10.12622,3.182172
306,07-1986,32.523327,33.543983,23.834797,35.20051,5.752871,2.3985143
307,08-1986,31.28314,32.311172,23.226429,33.94781,5.2070336,2.2818925
308,09-1986,31.311634,32.37413,22.199821,34.243023,6.31541,2.513048
309,10-1986,29.387182,30.458954,19.980423,32.4034,6.652475,2.5792391
310,11-1986,22.988054,23.963648,14.276571,25.726166,5.6117144,2.3689058
311,12-1986,16.162104,17.042784,7.876241,18.614578,4.589558,2.1423254
312,01-1987,16.80915,17.81908,7.9073577,19.387201,4.892644,2.2119322
313,02-1987,18.984892,20.025967,9.146839,21.970879,6.2972374,2.5094297
314,03-1987,22.115015,23.002375,12.351655,25.277243,6.010701,2.451673
315,04-1987,27.98903,29.18515,16.686224,31.692547,9.637977,3.104509
316,05-1987,30.494213,32.01176,18.317606,34.384155,11.87063,3.445378
317,06-1987,35.912514,37.33587,24.33766,39.47095,10.0880995,3.1761768
318,07-1987,33.350025,34.49478,24.188444,36.17941,6.2762537,2.5052452
319,08-1987,33.144566,34.156654,25.034935,35.86361,5.33459,2.309673
320,09-1987,33.02952,34.08931,23.69583,36.133602,6.722272,2.5927343
321,10-1987,28.178051,29.255188,18.472437,31.469025,7.29839,2.7015533
322,11-1987,24.010866,25.01147,15.335252,26.655333,5.477218,2.3403456
323,12-1987,18.775541,19.705082,10.851762,21.071869,4.1344757,2.033341
324,01-1988,17.318073,18.30365,8.649024,19.856472,4.627712,2.1512117
325,02-1988,18.833261,19.812641,8.984513,21.834246,6.3218064,2.5143204
326,03-1988,21.145918,22.11499,11.109987,24.435402,6.5500684,2.5593102
327,04-1988,29.60514,30.842087,18.206882,33.310776,9.824546,3.1344132
328,05-1988,35.724735,37.199505,23.301113,39.71714,12.447114,3.5280468
329,06-1988,37.419907,38.87604,25.850159,40.97668,10.180977,3.1907642
330,07-1988,33.355927,34.360847,24.67247,35.979675,5.6507545,2.3771315
331,08-1988,31.399633,32.394806,23.297262,34.159443,5.4037776,2.3246026
332,09-1988,31.743263,32.831524,22.511974,34.754433,6.5906835,2.5672326
333,10-1988,28.750551,29.837677,19.056118,31.991419,7.294906,2.7009084
334,11-1988,24.773403,25.764534,16.230738,27.294395,5.297762,2.3016868
335,12-1988,18.510925,19.475965,10.418255,20.81041,4.260429,2.0640807
336,01-1989,15.227761,16.212982,6.30701,17.766369,4.918398,2.217746
337,02-1989,16.322184,17.327599,6.4258323,19.350914,6.4035454,2.5305228
338,03-1989,21.535673,22.47615,11.734988,24.772207,6.1261363,2.4751034
339,04-1989,26.455976,27.708244,15.119384,30.180046,9.710205,3.11612
340,05-1989,32.914772,34.399796,20.492605,36.91583,12.375557,3.517891
341,06-1989,36.225464,37.691666,24.599987,39.915222,10.346416,3.2165847
342,07-1989,32.191933,33.257072,23.30129,35.03087,5.9563513,2.4405637
343,08-1989,30.537691,31.585018,22.517921,33.151978,5.126728,2.2642279
344,09-1989,31.913925,32.98667,22.791315,34.836205,6.259254,2.5018501
345,10-1989,29.632566,30.715492,20.18077,32.704964,6.8182807,2.611184
346,11-1989,22.928228,23.915182,14.143759,25.713667,5.7081547,2.3891745
347,12-1989,17.953009,18.821507,9.897595,20.336452,4.2933884,2.0720494
348,01-1990,16.742067,17.653746,8.015864,19.340847,4.762869,2.1823997
349,02-1990,17.284302,18.298069,7.3756585,20.353344,6.52292,2.5540009
350,03-1990,21.01918,21.9769,11.172314,24.288874,6.1944356,2.4888623
351,04-1990,26.73285,27.910057,15.52789,30.463379,9.548699,3.090097
352,05-1990,35.73116,37.27368,23.43462,39.680042,12.16554,3.4879134
353,06-1990,37.730255,39.154114,26.241652,41.20585,10.015951,3.1647987
354,07-1990,33.74173,34.76912,24.942957,36.41978,5.852242,2.4191408
355,08-1990,31.807304,32.791115,23.768095,34.556145,5.321593,2.3068578
356,09-1990,32.882122,34.002987,23.732983,35.85443,6.479227,2.5454326
357,10-1990,28.448538,29.513035,19.018444,31.51642,6.813478,2.610264
358,11-1990,24.864164,25.864532,16.310078,27.394396,5.3067193,2.3036318
359,12-1990,17.131132,18.004694,8.955928,19.556244,4.457898,2.1113734
360,01-1991,14.1854,15.132175,5.449024,16.748138,4.808502,2.1928296
361,02-1991,16.157776,17.20428,6.155346,19.34501,6.687687,2.5860562
362,03-1991,21.206123,22.118902,11.351655,24.402937,6.2656374,2.5031254
363,04-1991,25.87719,27.11515,14.598724,29.520672,9.60184,3.0986836
364,05-1991,31.44682,32.93154,19.171946,35.42451,12.173651,3.489076
365,06-1991,36.574596,38.015266,24.999638,40.08345,10.063964,3.1723752
366,07-1991,33.83819,34.890892,24.942957,36.594933,6.0114613,2.4518282
367,08-1991,32.14821,33.13745,24.117922,34.784443,5.239914,2.2890859
368,09-1991,31.59719,32.65115,22.491314,34.543022,6.3203554,2.5140316
369,10-1991,27.779404,28.867674,18.297436,30.82892,6.854298,2.6180716
370,11-1991,23.270903,24.246994,14.718238,25.798563,5.2858067,2.2990882
371,12-1991,18.424917,19.301674,10.235269,20.784369,4.476852,2.1158574
372,01-1992,15.652968,16.610313,6.878191,18.245535,4.8403506,2.2000797
373,02-1992,16.855171,17.90998,6.9261794,19.886677,6.4465423,2.539004
374,03-1992,20.41463,21.35046,10.309988,23.777937,6.7119594,2.590745
375,04-1992,25.757744,26.97649,14.678063,29.384212,9.228074,3.0377746
376,05-1992,31.22425,32.708977,18.901114,35.168434,12.23164,3.4973762
377,06-1992,36.27841,37.737175,24.72915,39.799076,10.108373,3.1793668
378,07-1992,32.49263,33.504204,23.734798,35.21978,5.8418336,2.4169886
379,08-1992,31.231958,32.252014,23.126429,34.019512,5.3417816,2.3112295
380,09-1992,30.145386,31.211182,20.887321,33.20396,6.525172,2.5544417
381,10-1992,28.715376,29.807095,19.105944,31.826317,7.094895,2.6636243
382,11-1992,23.646006,24.637833,15.047751,26.255333,5.3772535,2.3188906
383,12-1992,18.980299,19.860403,10.847421,21.27968,4.3763103,2.0919633
384,01-1993,15.009739,15.975975,6.190691,17.691368,4.920547,2.2182305
385,02-1993,19.504234,20.526226,9.676006,22.474176,6.3145905,2.5128849
386,03-1993,19.99168,20.930988,10.080821,23.199638,6.3067884,2.511332
387,04-1993,27.970592,29.205387,16.798723,31.592546,9.3582535,3.0591264
388,05-1993,34.276543,35.780273,21.921774,38.253677,12.302446,3.5074844
389,06-1993,36.507584,37.947105,24.979324,40.068348,10.091173,3.1766608
390,07-1993,31.951416,32.970337,23.205282,34.61978,5.8024597,2.4088295
391,08-1993,32.436127,33.45349,24.397263,35.143646,5.241059,2.289336
392,09-1993,31.739796,32.79819,22.712322,34.655304,6.223233,2.4946408
393,10-1993,28.620272,29.701145,19.097437,31.726316,6.983407,2.6426136
394,11-1993,23.409582,24.320372,14.601745,26.148561,5.7483983,2.3975818
395,12-1993,18.46575,19.327763,10.205754,20.856243,4.5726066,2.1383655
396,01-1994,16.39158,17.362803,7.6490245,18.866367,4.723419,2.173343
397,02-1994,16.534512,17.597351,6.676006,19.494143,6.3558507,2.5210812
398,03-1994,23.534286,24.484,13.651654,26.719604,6.2664638,2.5032907
399,04-1994,26.073406,27.308828,14.80723,29.72067,9.57698,3.0946696
400,05-1994,33.571823,35.029236,21.242779,37.53927,12.293153,3.5061593
401,06-1994,37.53949,39.018745,25.929152,41.01991,10.168366,3.1887877
402,07-1994,32.95058,33.97616,24.205284,35.625507,5.786061,2.4054232
403,08-1994,31.684288,32.67833,23.597261,34.439476,5.3604803,2.3152711
404,09-1994,29.91389,30.963722,20.628988,32.93469,6.548448,2.5589936
405,10-1994,27.448433,28.528458,17.926603,30.530481,6.9500356,2.636292
406,11-1994,24.04927,25.03425,15.497578,26.595959,5.3287926,2.3084178
407,12-1994,17.398842,18.270075,9.093602,19.856243,4.638629,2.1537476
408,01-1995,14.884741,15.850359,6.0490246,17.548138,4.9453535,2.223815
409,02-1995,17.460413,18.517609,7.546839,20.489975,6.4717255,2.5439587
410,03-1995,20.807688,21.754555,10.851655,24.019604,6.380934,2.526051
411,04-1995,25.341568,26.556046,14.036398,29.014229,9.678518,3.1110318
412,05-1995,33.648384,35.127415,21.271946,37.61714,12.349378,3.514168
413,06-1995,37.53727,38.984215,25.858316,41.09908,10.339017,3.215434
414,07-1995,33.09228,34.137665,24.242956,35.75051,5.8733397,2.4234974
415,08-1995,31.08373,32.077034,22.997261,33.839478,5.3629084,2.3157954
416,09-1995,31.019447,32.09447,21.708328,34.113636,6.6751723,2.5836356
417,10-1995,28.969265,30.045172,19.397436,32.10809,7.039287,2.6531656
418,11-1995,23.400415,24.391445,14.747752,26.052729,5.5105243,2.3474505
419,12-1995,16.867939,17.732544,8.714609,19.258848,4.4330506,2.1054811
420,01-1996,15.246304,16.216372,6.5405173,17.768972,4.717191,2.1719096
421,02-1996,18.28708,19.342766,8.376005,21.290844,6.4235406,2.5344706
422,03-1996,22.518799,23.380188,12.297487,25.957972,6.9210744,2.6307936
423,04-1996,28.12542,29.353703,16.82789,31.80244,9.644281,3.1055243
424,05-1996,31.957582,33.424286,19.571947,35.939266,12.400064,3.5213726
425,06-1996,35.65703,37.126747,24.079325,39.18918,10.128313,3.182501
426,07-1996,32.705513,33.762253,23.842957,35.3991,5.915372,2.4321537
427,08-1996,30.76755,31.784576,22.597261,33.618645,5.492605,2.3436308
428,09-1996,31.838371,32.90438,22.58767,34.913635,6.5794263,2.5650392
429,10-1996,27.95371,29.038921,18.405943,31.02892,6.9371986,2.6338563
430,11-1996,22.34354,23.333817,13.706085,24.965229,5.4489794,2.3343048
431,12-1996,16.972383,17.864841,8.906102,19.294785,4.2983327,2.0732422
432,01-1997,14.925468,15.927565,6.290691,17.320536,4.5456324,2.1320488
433,02-1997,17.68017,18.745876,7.9386797,20.531643,6.095884,2.4689844
434,03-1997,21.554668,22.483665,11.730995,24.722902,6.2116714,2.4923224
435,04-1997,25.98042,27.217442,14.777717,29.539402,9.380471,3.0627556
436,05-1997,30.675537,32.15632,18.40146,34.560104,12.0769005,3.4751835
437,06-1997,35.323486,36.756634,23.867172,38.78918,9.882865,3.1437025
438,07-1997,33.655617,34.693146,24.842957,36.31978,5.8816667,2.4252148
439,08-1997,31.13491,32.121635,23.117922,33.840347,5.215757,2.2838032
440,09-1997,31.90174,32.993473,22.628988,34.934467,6.588711,2.5668485
441,10-1997,26.698225,27.771797,17.27643,29.713295,6.682225,2.585
442,11-1997,22.21833,23.222984,13.526745,24.865229,5.534252,2.3524992
443,12-1997,16.153425,17.055725,8.026761,18.48489,4.3749557,2.0916395
444,01-1998,14.911649,15.890798,6.2073574,17.353867,4.7066426,2.1694798
445,02-1998,16.943296,17.999397,7.11368,19.821573,6.3261967,2.5151932
446,03-1998,20.876747,21.802464,10.972315,24.099638,6.3158813,2.5131416
447,04-1998,28.202642,29.415077,16.936398,31.899837,9.646969,3.105957
448,05-1998,33.235706,34.781242,20.83028,37.2476,12.472832,3.5316896
449,06-1998,35.85161,37.28133,24.246166,39.390743,10.174226,3.1897063
450,07-1998,33.064682,34.10772,24.259972,35.745304,5.8283978,2.4142075
451,08-1998,31.510849,32.55047,23.172262,34.418644,5.679853,2.3832443
452,09-1998,31.330559,32.396378,22.046001,34.413635,6.618941,2.5727303
453,10-1998,29.974234,31.06596,20.397436,33.098194,7.013044,2.6482153
454,11-1998,23.129898,24.10476,14.713724,25.6595,5.1617336,2.271945
455,12-1998,17.319674,18.237968,9.3222475,19.664057,4.2834773,2.0696564
456,01-1999,14.842691,15.800079,6.270031,17.271576,4.568847,2.1374862
457,02-1999,18.456907,19.503746,8.717672,21.314976,6.122711,2.4744112
458,03-1999,22.581123,23.511612,12.680821,25.799637,6.2985234,2.509686
459,04-1999,29.831703,31.053703,18.557056,33.50244,9.602335,3.0987635
460,05-1999,34.568867,36.029236,22.22212,38.53927,12.311462,3.5087693
461,06-1999,37.05008,38.51303,25.558666,40.491783,9.884865,3.1440206
462,07-1999,33.89329,34.98214,24.930458,36.619064,6.0571747,2.4611328
463,08-1999,31.89748,32.898926,23.780249,34.659443,5.458173,2.3362732
464,09-1999,33.07646,34.149483,23.870655,36.114506,6.4753127,2.5446637
465,10-1999,30.11937,31.201145,20.576778,33.226315,7.0032873,2.6463726
466,11-1999,24.327534,25.30323,15.526397,27.047,5.692638,2.385925
467,12-1999,18.691236,19.581013,10.576589,20.992182,4.3204365,2.078566
468,01-2000,15.545956,16.515995,6.7696843,18.138243,4.848716,2.2019799
469,02-2000,16.3901,17.45667,6.546839,19.239107,6.2702065,2.504038
470,03-2000,21.811333,22.734896,11.960161,24.927069,6.2159405,2.4931788
471,04-2000,30.252363,31.48139,19.02789,33.902443,9.503752,3.0828156
472,05-2000,36.92814,38.377937,24.64278,40.845345,12.115787,3.480774
473,06-2000,36.945744,38.422134,25.329151,40.489178,10.205052,3.1945348
474,07-2000,32.467457,33.526245,23.542957,35.214897,6.084563,2.4666905
475,08-2000,31.674566,32.664917,23.576601,34.439476,5.3594637,2.3150516
476,09-2000,31.322397,32.39447,22.028988,34.413635,6.6600647,2.5807102
477,10-2000,30.255447,31.343176,20.705944,33.32892,6.941809,2.6347313
478,11-2000,23.816767,24.814857,15.126744,26.465229,5.5300207,2.3515997
479,12-2000,18.410473,19.286844,10.164435,20.856243,4.5418053,2.1311512
480,01-2001,15.459185,16.447926,6.8198576,17.86897,4.5255785,2.1273408
481,02-2001,18.641108,19.696613,8.834686,21.590843,6.2387633,2.4977517
482,03-2001,23.261887,24.210224,13.430995,26.419603,6.178617,2.4856825
483,04-2001,28.607328,29.914988,17.186571,32.19359,9.859668,3.1400108
484,05-2001,35.92748,37.376633,23.64278,39.845345,12.112702,3.4803307
485,06-2001,36.259907,37.725227,24.650158,39.78918,10.192749,3.1926086
486,07-2001,32.524403,33.586365,23.622297,35.219067,5.9844317,2.4463098
487,08-2001,31.830225,32.874138,23.655596,34.62281,5.438976,2.3321612
488,09-2001,30.70969,31.792278,21.34965,33.819584,6.786499,2.605091
489,10-2001,29.834682,30.922161,20.27643,32.92892,6.9722733,2.6405063
490,11-2001,23.786493,24.774513,15.126744,26.37773,5.454787,2.3355484
491,12-2001,18.592278,19.469448,10.355928,21.028118,4.5468655,2.132338
492,01-2002,15.836268,16.811289,7.0696845,18.366367,4.794005,2.1895216
493,02-2002,16.962322,18.013721,7.1346865,19.89744,6.3209147,2.514143
494,03-2002,23.42852,24.360567,13.551654,26.619604,6.2720313,2.5044024
495,04-2002,29.20431,30.430214,17.90723,32.899837,9.689746,3.1128356
496,05-2002,35.32005,36.763428,23.04278,39.245342,12.110313,3.4799876
497,06-2002,36.668797,38.128952,25.099987,40.18918,10.125928,3.1821263
498,07-2002,33.825443,34.892315,24.889137,36.519066,6.0099688,2.4515238
499,08-2002,32.042236,33.057964,23.930422,34.841908,5.492318,2.3435695
500,09-2002,30.027088,31.141905,20.520481,33.077698,7.0242133,2.6503232
501,10-2002,29.625517,30.70418,20.172262,32.647152,6.858615,2.6188958
502,11-2002,24.162989,25.14484,15.668411,26.695957,5.260548,2.2935884
503,12-2002,18.263529,19.068378,9.892213,20.831244,4.724691,2.1736355
504,01-2003,15.547415,16.534344,6.8700314,18.07991,4.632477,2.152319
505,02-2003,17.112844,18.152668,7.3176723,20.10994,6.31335,2.512638
506,03-2003,21.737617,22.625153,11.809988,24.979673,6.3389587,2.5177288
507,04-2003,28.525976,29.709152,17.13605,32.265984,9.817462,3.133283
508,05-2003,32.49866,33.962006,20.14278,36.445343,12.260725,3.5015318
509,06-2003,37.45213,38.871513,25.887833,41.050117,10.110604,3.1797175
510,07-2003,32.827145,33.86626,23.99313,35.509884,5.8746614,2.4237702
511,08-2003,31.166023,32.1683,22.997261,34.015347,5.481371,2.3412328
512,09-2003,31.254065,32.324913,21.92899,34.32219,6.655288,2.5797846
513,10-2003,28.954475,30.046772,19.377125,32.163296,7.0594463,2.656962
514,11-2003,22.222393,23.21074,13.505737,24.859499,5.5290203,2.3513868
515,12-2003,17.861584,18.744656,9.605755,20.256243,4.536506,2.1299076
516,01-2004,15.673872,16.640022,6.8696837,18.233036,4.8331084,2.1984332
517,02-2004,18.927912,19.989136,9.076006,21.894142,6.3596783,2.5218403
518,03-2004,26.183521,27.11161,16.28082,29.39964,6.3058486,2.5111449
519,04-2004,30.012434,31.246096,18.757057,33.623276,9.5059395,3.0831704
520,05-2004,34.00071,35.462006,21.64278,37.945343,12.269134,3.5027323
521,06-2004,35.84536,37.31619,24.279325,39.310017,10.058495,3.171513
522,07-2004,33.126972,34.186363,24.242956,35.819065,5.9722414,2.443817
523,08-2004,31.249529,32.26117,23.097261,34.03948,5.4340672,2.3311086
524,09-2004,31.858788,32.93824,22.558155,34.914505,6.59642,2.5683496
525,10-2004,27.336176,28.42688,17.726603,30.428919,7.0385656,2.6530294
526,11-2004,23.943542,24.92057,15.276571,26.5595,5.4608226,2.3368404
527,12-2004,18.403286,19.26933,10.255929,20.746347,4.4225492,2.1029859
528,01-2005,14.722101,15.695229,5.998851,17.153868,4.668221,2.1606066
529,02-2005,15.58708,16.65097,5.576006,18.67001,6.618182,2.5725827
530,03-2005,22.526299,23.47215,12.580821,25.722902,6.393713,2.5285792
531,04-2005,27.576532,28.808828,16.32789,31.22067,9.562186,3.0922785
532,05-2005,31.820433,33.299507,19.42212,35.817142,12.396187,3.5208218
533,06-2005,37.22241,38.68602,25.629152,40.770954,10.131547,3.1830091
534,07-2005,32.43579,33.492317,23.542957,35.119064,5.9910307,2.4476583
535,08-2005,32.021717,33.03267,23.90577,34.81951,5.3399544,2.3108342
536,09-2005,31.894066,32.98792,22.579163,34.934467,6.6432676,2.5774536
537,10-2005,29.300444,30.378345,19.697437,32.426315,7.1012964,2.6648257
538,11-2005,23.078333,24.05281,14.426744,25.677729,5.449613,2.3344407
539,12-2005,17.423634,18.304607,9.255929,19.789576,4.431129,2.1050248
540,01-2006,15.320676,16.28507,6.478191,17.923138,4.9243045,2.2190773
541,02-2006,21.006767,22.032318,10.8169775,24.17331,7.0018916,2.6461089
542,03-2006,22.63845,23.573933,12.751655,25.822903,6.3110337,2.512177
543,04-2006,29.081738,30.322618,17.80723,32.72067,9.579982,3.0951545
544,05-2006,36.40814,37.877937,24.04278,40.345345,12.271709,3.5031
545,06-2006,35.764458,37.226746,24.158665,39.28918,10.167417,3.1886387
546,07-2006,33.28468,34.32579,24.442957,35.919933,5.854979,2.4197063
547,08-2006,30.962725,31.965347,22.805769,33.73948,5.432312,2.330732
548,09-2006,30.812502,31.872765,21.50833,33.913635,6.6650367,2.5816731
549,10-2006,29.917324,30.997265,20.376778,33.026318,6.9972863,2.6452384
550,11-2006,23.492256,24.469349,14.826745,26.147,5.4796996,2.3408759
551,12-2006,17.038078,17.920938,8.905754,19.358847,4.3378158,2.0827425
552,01-2007,15.7147045,16.690414,7.069684,18.087202,4.592514,2.1430151
553,02-2007,18.01826,19.080238,8.24684,20.839108,6.1611023,2.4821568
554,03-2007,21.426853,22.37215,11.501481,24.622902,6.3734865,2.5245764
555,04-2007,30.777573,31.995983,19.607231,34.402443,9.385177,3.0635235
556,05-2007,34.224354,35.676636,21.92212,38.145344,12.129902,3.482801
557,06-2007,36.32553,37.808098,24.799984,39.791786,9.965357,3.1567953
558,07-2007,32.644684,33.709908,23.842957,35.23097,5.749137,2.3977358
559,08-2007,32.08116,33.102097,23.90577,34.918644,5.487556,2.3425534
560,09-2007,31.652155,32.741646,22.487669,34.634468,6.416342,2.5330498
561,10-2007,28.506556,29.590126,18.905943,31.626316,7.08498,2.6617625
562,11-2007,24.237116,25.218834,15.630043,26.859499,5.4303064,2.3303018
563,12-2007,16.825787,17.703964,8.664435,19.146349,4.3611326,2.0883324
564,01-2008,13.825678,14.778923,4.948677,16.47418,4.942939,2.223272
565,02-2008,16.706873,17.80132,6.827221,19.5339,6.3951197,2.5288575
566,03-2008,25.45307,26.358486,15.6014805,28.603806,6.2099457,2.4919763
567,04-2008,27.581253,28.80615,16.306883,31.218569,9.584284,3.0958495
568,05-2008,34.60609,36.06652,22.24278,38.60142,12.304895,3.5078335
569,06-2008,37.494904,38.949535,25.899984,40.991783,10.090416,3.1765416
570,07-2008,33.099297,34.21138,24.192436,35.86118,5.9244432,2.434018
571,08-2008,30.811682,31.825687,22.676254,33.61951,5.3781896,2.3190925
572,09-2008,30.948095,32.045326,21.682808,33.95865,6.6605163,2.5807977
573,10-2008,30.218052,31.301147,20.676777,33.326317,6.9982185,2.6454146
574,11-2008,23.983437,24.95251,15.355911,26.57773,5.4139085,2.3267808
575,12-2008,18.799952,19.67014,10.655929,21.158848,4.3898954,2.0952077
576,01-2009,17.002867,17.962803,8.269684,19.535639,4.741255,2.1774423
577,02-2009,18.809301,19.88012,8.946839,21.714975,6.313883,2.5127442
578,03-2009,23.13668,24.083794,13.281169,26.243736,6.188198,2.487609
579,04-2009,27.62917,28.699833,16.42685,31.352596,9.53613,3.0880625
580,05-2009,34.550327,36.016735,22.242779,38.460102,12.17899,3.489841
581,06-2009,36.2789,37.715294,24.65832,39.852722,10.149821,3.1858785
582,07-2009,33.511242,34.55606,24.634449,36.229675,5.9549,2.4402664
583,08-2009,32.906578,33.898926,24.776602,35.659443,5.4358006,2.3314803
584,09-2009,31.720732,32.767952,22.287323,34.82219,6.805579,2.6087506
585,10-2009,29.45767,30.545172,19.847263,32.60809,7.102026,2.6649628
586,11-2009,22.43743,23.417095,13.797579,25.06523,5.4623647,2.3371701
587,12-2009,17.731306,18.603962,9.576588,20.11562,4.389297,2.0950649
588,01-2010,16.756788,17.676975,8.124892,19.413242,4.8657045,2.2058342
589,02-2010,17.515448,18.570972,7.584513,20.49744,6.499555,2.5494225
590,03-2010,25.979736,26.91161,16.089329,29.12377,6.253287,2.5006573
591,04-2010,31.060108,32.27991,19.757057,34.78161,9.705514,3.1153674
592,05-2010,33.667442,35.16652,21.221773,37.70142,12.506455,3.5364468
593,06-2010,35.618797,37.090652,24.008492,39.12564,10.248061,3.2012594
594,07-2010,32.304577,33.386364,23.351463,35.019066,6.046773,2.4590187
595,08-2010,31.054565,32.03047,23.018269,33.77941,5.354897,2.314065
596,09-2010,30.734966,31.816383,21.44965,33.743023,6.5659657,2.562414
597,10-2010,30.168814,31.253407,20.585285,33.29819,6.9997935,2.6457124
598,11-2010,24.130312,25.099709,15.496536,26.759499,5.461394,2.3369625
599,12-2010,17.423773,18.292805,9.296901,19.783848,4.363537,2.088908
600,01-2011,14.734706,15.711288,5.969684,17.266369,4.790122,2.1886346
601,02-2011,17.671907,18.727266,7.826179,20.591711,6.2397437,2.497948
602,03-2011,23.173103,24.093737,13.056516,26.478806,6.625111,2.573929
603,04-2011,27.642193,28.88765,16.42789,31.223276,9.413253,3.0681026
604,05-2011,36.048035,37.522987,23.72212,39.960102,12.1999035,3.492836
605,06-2011,37.638588,39.10994,25.999985,41.18918,10.250972,3.2017138
606,07-2011,32.926968,33.98728,24.042957,35.60728,5.9577346,2.4408472
607,08-2011,31.361822,32.358192,23.247435,34.082706,5.468603,2.3385046
608,09-2011,30.871635,31.9636,21.554508,33.893494,6.765673,2.6010907
609,10-2011,29.741106,30.801336,20.238756,32.888294,6.9093165,2.628558
610,11-2011,24.158747,25.125584,15.485078,26.838667,5.5106034,2.3474674
611,12-2011,17.169813,18.042175,8.768255,19.657806,4.7163877,2.1717246
612,01-2012,14.287032,15.2594185,5.540518,16.766369,4.7385063,2.176811
613,02-2012,15.343122,16.410915,5.3845124,18.389975,6.5339527,2.5561597
614,03-2012,21.832722,22.772152,11.860162,25.09877,6.4467034,2.539036
615,04-2012,27.332851,28.564545,16.027891,31.002441,9.643157,3.1053433
616,05-2012,33.216923,34.67645,20.871946,37.22451,12.318208,3.5097303
617,06-2012,37.21713,38.68602,25.599985,40.770954,10.182712,3.1910362
618,07-2012,34.22763,35.286366,25.342957,36.919064,5.974869,2.4443545
619,08-2012,31.481821,32.502098,23.305769,34.318645,5.4902124,2.3431203
620,09-2012,31.005383,32.080254,21.790968,34.01537,6.4425116,2.5382104
621,10-2012,28.550413,29.633635,19.018097,31.62892,6.938745,2.6341498
622,11-2012,23.678051,24.650558,14.985078,26.406376,5.519388,2.3493378
623,12-2012,17.779606,18.68407,9.563741,20.211973,4.502134,2.1218233
624,01-2013,15.274982,16.29458,6.4684687,17.76168,4.8759727,2.2081604
625,02-2013,16.77951,17.875189,6.9994435,19.654905,6.317062,2.5133765
626,03-2013,21.311749,22.244793,11.57596,24.442867,6.1381187,2.4775226
627,04-2013,28.11976,29.258678,17.010529,31.77692,9.292923,3.0484295
628,05-2013,34.669735,36.171036,22.180107,38.76332,12.624639,3.5531168
629,06-2013,37.40765,38.868233,25.816998,40.90741,10.15875,3.1872792
630,07-2013,33.983395,35.012257,25.142958,36.6925,5.8649316,2.421762
631,08-2013,31.728905,32.730034,23.597261,34.47941,5.4749317,2.339857
632,09-2013,32.51139,33.57379,23.249996,35.761204,6.7245555,2.5931747
633,10-2013,30.866972,31.885307,21.216707,34.22944,7.2341466,2.689637
634,11-2013,23.26875,24.263294,14.485078,25.947,5.6331215,2.3734198
635,12-2013,18.182625,19.03696,10.085094,20.581244,4.330338,2.0809464
636,01-2014,16.608593,17.62857,7.861177,19.11064,4.7814198,2.1866457
637,02-2014,16.963573,18.010035,7.1261797,19.891712,6.2377605,2.497551
638,03-2014,21.834457,22.784,11.951654,25.019604,6.266754,2.5033486
639,04-2014,27.333925,28.564545,16.04855,31.002441,9.620118,3.1016316
640,05-2014,32.756542,34.22534,20.44278,36.65142,12.089914,3.4770553
641,06-2014,37.74609,39.22213,26.108492,41.28918,10.2324915,3.1988266
642,07-2014,34.11339,35.1574,25.222298,36.815765,5.9616327,2.4416454
643,08-2014,32.433903,33.461166,24.205769,35.23948,5.5182104,2.3490872
644,09-2014,31.935488,33.01795,22.658503,34.97353,6.708429,2.5900636
645,10-2014,29.509716,30.622177,19.855423,32.689857,7.154738,2.6748343
646,11-2014,23.907604,24.867943,15.176571,26.713667,5.6778564,2.3828254
647,12-2014,16.93839,17.818535,8.735269,19.358847,4.478264,2.116191
648,01-2015,15.791372,16.792278,7.1113505,18.208035,4.67644,2.1625078
649,02-2015,16.7076,17.779732,6.7966657,19.690844,6.4169216,2.5331643
650,03-2015,21.223902,22.170849,11.280822,24.422901,6.38634,2.5271208
651,04-2015,28.099794,29.321774,16.806883,31.851921,9.623399,3.1021605
652,05-2015,33.52425,35.022987,21.101112,37.460102,12.401475,3.5215728
653,06-2015,36.600567,38.070133,24.970818,40.17668,10.303688,3.209936
654,07-2015,32.47631,33.42212,23.847296,35.278637,5.7580605,2.399596
655,08-2015,31.045395,32.06117,22.876602,33.839478,5.443061,2.333037
656,09-2015,30.971285,32.054794,21.628988,34.09367,6.7018495,2.588793
657,10-2015,29.333502,30.42846,19.75577,32.489857,7.028114,2.651059
658,11-2015,23.787222,24.686543,15.146363,26.49752,5.422328,2.3285892
659,12-2015,17.783077,18.656376,9.576588,20.228119,4.497757,2.1207917
660,01-2016,16.658907,17.666098,7.807358,19.11064,4.875111,2.2079654
661,02-2016,18.827845,19.89564,8.955346,21.718273,6.3476887,2.5194619
662,03-2016,22.436817,23.472183,12.146273,25.666132,6.983455,2.6426227
663,04-2016,28.945976,30.156832,17.636051,32.681606,9.738952,3.1207294
664,05-2016,34.35637,35.829422,21.992605,38.33059,12.278813,3.5041137
665,06-2016,38.173798,39.626865,26.641651,41.68918,10.070754,3.1734452
666,07-2016,33.61339,34.648483,24.742956,36.315765,5.943637,2.4379575
667,08-2016,31.40651,32.4077,23.288755,34.216217,5.365967,2.3164556
668,09-2016,32.70813,33.76954,23.399822,35.813633,6.6865177,2.5858302
669,10-2016,30.237495,31.32204,20.697437,33.38986,6.9757643,2.6411672
670,11-2016,23.119757,24.074717,14.485425,25.756895,5.4463243,2.3337362
671,12-2016,18.433945,19.315622,10.143428,20.894785,4.6146183,2.1481662
672,01-2017,14.956579,15.918194,6.2405176,17.466368,4.747755,2.1789343
673,02-2017,18.272358,19.288813,8.384513,21.274178,6.4105835,2.531913
674,03-2017,22.273521,23.155014,12.239154,25.582104,6.600737,2.56919
675,04-2017,29.889692,31.044945,18.402544,33.727425,10.072428,3.173709
676,05-2017,35.00814,36.481056,22.713614,38.922253,12.095419,3.4778469
677,06-2017,36.945152,38.387283,25.470818,40.45116,9.893159,3.1453393
678,07-2017,33.40225,34.45026,24.53445,36.098946,5.9349384,2.436173
679,08-2017,32.04953,33.06117,23.917921,34.839478,5.4174776,2.3275476
680,09-2017,31.865,32.950672,22.599821,34.9336,6.652374,2.5792196
681,10-2017,30.818882,31.901146,21.276777,33.926315,7.001389,2.6460137
682,11-2017,23.126423,24.080135,14.568412,25.747,5.3429832,2.3114893
683,12-2017,18.094326,18.991661,9.906102,20.492182,4.4923687,2.119521
684,01-2018,17.086546,18.062803,8.369683,19.497097,4.683798,2.1642084
685,02-2018,19.333122,20.384806,9.52618,22.290844,6.244618,2.4989233
686,03-2018,25.13366,26.077166,15.243147,28.262833,6.3177733,2.513518
687,04-2018,29.93785,31.181389,18.669556,33.602444,9.578993,3.0949948
688,05-2018,33.918972,35.37034,21.54278,37.92451,12.370994,3.5172424
689,06-2018,37.35852,38.825233,25.770819,40.88918,10.163985,3.1881006
690,07-2018,33.356937,34.375607,24.584623,36.047905,5.835589,2.4156964
691,08-2018,32.770985,33.771492,24.617922,35.540348,5.3727193,2.3179128
692,09-2018,32.04927,33.134056,22.720482,35.0553,6.6421337,2.5772338
693,10-2018,28.672216,29.745035,19.171915,31.792461,6.895599,2.6259472
694,11-2018,23.60559,24.606108,14.876918,26.255333,5.54664,2.3551304
695,12-2018,17.526028,18.414263,9.347421,19.899473,4.447281,2.1088576
