,tmin_FileName,tmin_AverageValues,tmin_MedianValues,tmin_MinValues,tmin_MaxValues,tmin_Variance,tmin_StandardDeviation
0,01-1961,3.5688818,3.9408116,-2.3698158,5.3515205,1.3757778,1.1729356
1,02-1961,3.5014627,4.147435,-4.1759176,5.0961666,2.636834,1.6238331
2,03-1961,9.606311,10.297916,1.1725218,11.751247,3.6561692,1.9121112
3,04-1961,13.917492,14.778236,5.8521895,16.238865,3.9865487,1.9966344
4,05-1961,19.007034,20.036194,10.216407,21.547274,5.3451924,2.3119671
5,06-1961,22.821423,23.734165,14.6654625,25.42208,4.5264816,2.127553
6,07-1961,23.248419,24.234577,15.329043,25.815813,4.7872396,2.1879761
7,08-1961,22.374144,23.349308,14.784313,25.05157,4.677718,2.1628034
8,09-1961,20.867016,21.76305,13.382907,23.391056,4.202386,2.049972
9,10-1961,13.425385,13.974932,7.341679,15.48437,2.218078,1.4893212
10,11-1961,5.372384,5.610333,0.64699674,7.3646708,0.97134966,0.9855707
11,12-1961,1.859157,2.0578148,-3.021625,3.9146943,0.901168,0.9492987
12,01-1962,2.2637084,2.6395445,-3.7114825,4.041625,1.3992735,1.1829089
13,02-1962,5.8452473,6.439198,-1.7795635,7.513875,2.6113212,1.6159583
14,03-1962,9.451798,10.2354965,1.2351956,11.513747,3.4383156,1.8542696
15,04-1962,14.982109,15.840866,6.9938564,17.239733,3.857741,1.9641134
16,05-1962,18.721443,19.635075,9.828212,21.379044,5.4940166,2.343932
17,06-1962,22.82882,23.76233,14.506782,25.527113,4.7834544,2.187111
18,07-1962,23.482376,24.495485,15.57887,26.019981,4.737262,2.176525
19,08-1962,22.910463,23.888325,15.438132,25.378305,4.371214,2.0907447
20,09-1962,18.66424,19.56305,11.132733,21.187756,4.2642717,2.0650113
21,10-1962,13.351218,13.866236,7.412513,15.501038,2.0891912,1.4454035
22,11-1962,7.2261696,7.386425,2.5254688,9.585504,1.0152849,1.0076134
23,12-1962,2.5136013,2.7085168,-2.221625,4.518861,0.82979447,0.9109306
24,01-1963,2.7120416,3.0628333,-3.4251978,4.2036037,1.5019128,1.2255255
25,02-1963,7.1763234,7.8115034,-0.42574406,8.8446045,2.5949543,1.6108862
26,03-1963,9.586554,10.334852,1.3473485,11.596212,3.4110227,1.8468955
27,04-1963,13.522874,14.336229,5.5938563,15.794767,3.854514,1.9632916
28,05-1963,17.040194,18.112026,8.258073,19.568974,5.319321,2.3063653
29,06-1963,23.62014,24.530367,15.336295,26.347946,4.7720184,2.184495
30,07-1963,23.981264,24.95611,15.816196,26.619982,5.0832276,2.2546015
31,08-1963,22.661333,23.593182,15.125632,25.35157,4.631244,2.1520326
32,09-1963,19.277573,20.149979,11.620233,21.938625,4.425184,2.1036122
33,10-1963,14.801461,15.31427,8.712859,16.974476,2.3107877,1.5201275
34,11-1963,7.74978,7.959318,2.9716494,9.849566,1.0364138,1.0180441
35,12-1963,3.0763793,3.2310371,-1.5759654,5.4287567,0.8433028,0.9183152
36,01-1964,0.4886736,0.80524266,-5.1989827,2.247354,1.2108455,1.1003842
37,02-1964,4.305455,4.8991547,-3.220883,5.8446045,2.4636877,1.5696138
38,03-1964,10.875513,11.645203,2.3846748,12.975379,3.6637998,1.9141054
39,04-1964,14.497041,15.35257,6.3521895,16.915602,4.1820526,2.0450068
40,05-1964,17.709326,18.742558,8.824913,20.444841,5.5868506,2.363652
41,06-1964,22.027082,22.924759,13.915635,24.451244,4.393144,2.0959828
42,07-1964,22.449009,23.461529,14.3995285,24.96078,4.9145546,2.2168794
43,08-1964,22.623066,23.577864,15.025632,25.180737,4.59245,2.1430004
44,09-1964,19.955732,20.851524,12.3619,22.563623,4.3789277,2.0925887
45,10-1964,13.045974,13.592497,7.0125127,15.122912,2.20253,1.4840922
46,11-1964,5.5812035,5.7772512,0.8923092,7.6776915,0.9956295,0.99781233
47,12-1964,2.6426988,2.8123627,-2.1297848,4.8704233,0.87047577,0.93299294
48,01-1965,3.9019723,4.2668476,-2.148809,5.8931875,1.4957335,1.2230018
49,02-1965,4.997886,5.6223297,-2.7345982,6.589316,2.6726997,1.6348393
50,03-1965,9.241485,9.996937,0.67252195,11.47208,3.8318603,1.9575138
51,04-1965,11.214609,12.03334,3.1521897,13.498066,3.9432623,1.985765
52,05-1965,16.853249,17.844168,8.137066,19.319841,5.2159576,2.283847
53,06-1965,22.504688,23.41724,14.315288,24.947947,4.5005713,2.121455
54,07-1965,22.35873,23.361528,14.320189,24.936647,4.929648,2.2202811
55,08-1965,21.26734,22.236122,13.746639,23.853306,4.4925404,2.1195614
56,09-1965,18.889275,19.73376,11.22874,21.605291,4.4429646,2.107834
57,10-1965,14.541843,15.0763,8.362686,16.717703,2.366112,1.5382172
58,11-1965,8.354989,8.572954,3.5801563,10.467795,1.0278722,1.0138403
59,12-1965,1.3957194,1.5953332,-3.3717985,3.3396943,0.84303695,0.91817045
60,01-1966,3.673396,4.0308776,-2.3038437,5.487979,1.4166261,1.1902211
61,02-1966,7.6905947,8.306078,0.20376992,9.275333,2.4622293,1.5691493
62,03-1966,9.826311,10.609442,1.4473484,11.868608,3.5727754,1.8901787
63,04-1966,12.964505,13.74275,4.7688565,15.142163,4.1194677,2.029647
64,05-1966,18.49797,19.500572,9.603907,20.917238,5.4229736,2.328728
65,06-1966,22.717915,23.648071,14.565462,25.24708,4.478789,2.116315
66,07-1966,22.608418,23.605854,14.5493555,25.15748,4.91963,2.218024
67,08-1966,22.689941,23.627874,15.234139,25.178307,4.336255,2.0823677
68,09-1966,18.379517,19.26305,10.9744,20.887756,4.119025,2.0295382
69,10-1966,13.197502,13.722226,7.2545266,15.137441,2.0724258,1.4395922
70,11-1966,5.93985,6.168253,1.2591493,7.9646707,0.93864274,0.9688358
71,12-1966,2.2274902,2.3737955,-2.4799585,4.3855276,0.8232324,0.9073216
72,01-1967,1.7623541,2.0994878,-4.1616564,3.3390207,1.3131851,1.1459429
73,02-1967,6.6976085,7.302537,-0.6755705,8.238292,2.3458915,1.5316303
74,03-1967,8.2260685,8.914375,-0.10681826,10.198644,3.4761658,1.8644478
75,04-1967,12.780893,13.608021,4.8938565,14.938864,3.738036,1.9334
76,05-1967,17.526653,18.581202,8.828907,19.989807,5.1768217,2.275263
77,06-1967,23.018295,23.941385,14.736295,25.552113,4.6772814,2.1627023
78,07-1967,23.515676,24.493073,15.553349,26.037516,4.793958,2.189511
79,08-1967,22.085115,23.051613,14.64664,24.577438,4.3730187,2.0911765
80,09-1967,19.76247,20.658054,12.365893,22.20859,4.0831532,2.0206814
81,10-1967,12.485177,13.01932,6.404353,14.487495,2.2747393,1.5082239
82,11-1967,7.16176,7.318609,2.513316,9.444358,0.9802357,0.99006855
83,12-1967,3.117108,3.2575483,-1.496625,5.5105276,0.8195236,0.9052754
84,01-1968,0.7097847,1.0755677,-5.290823,2.3056874,1.4138958,1.1890736
85,02-1968,2.388546,3.0174308,-5.1707096,4.1119237,2.5787582,1.6058513
86,03-1968,9.760582,10.538356,1.5096745,11.748644,3.4472353,1.8566732
87,04-1968,14.319227,15.179729,6.25219,16.638865,3.9901788,1.9975432
88,05-1968,16.997658,18.017979,8.237066,19.28564,5.1976166,2.279828
89,06-1968,23.100245,24.033678,14.806781,25.645517,4.7099786,2.1702485
90,07-1968,23.126543,24.117292,15.170362,25.656612,4.8389964,2.199772
91,08-1968,22.049421,23.014778,14.575806,24.63334,4.4136505,2.100869
92,09-1968,19.981915,20.852556,12.48256,22.562756,4.206898,2.0510724
93,10-1968,12.5475025,13.084524,6.491853,14.6151,2.1896257,1.4797384
94,11-1968,7.022732,7.1977434,2.3048093,9.331859,1.0407099,1.0201519
95,12-1968,2.9859278,3.1730902,-1.9714515,5.258965,0.9537893,0.9766214
96,01-1969,2.578847,2.9222722,-3.3491561,4.4390206,1.3732535,1.171859
97,02-1969,4.889657,5.5340223,-2.637897,6.4336042,2.4873962,1.5771481
98,03-1969,12.285513,13.061167,3.8680084,14.35281,3.610231,1.9000608
99,04-1969,13.768047,14.542749,5.53969,16.169767,4.2717094,2.0668113
100,05-1969,17.398527,18.462433,8.516406,19.968973,5.4572473,2.336075
101,06-1969,22.775625,23.719501,14.423795,25.348814,4.772474,2.1845992
102,07-1969,23.558142,24.53312,15.491022,26.094112,4.9656324,2.22837
103,08-1969,22.85824,23.8241,15.396465,25.223272,4.3014483,2.0739934
104,09-1969,19.435074,20.347454,11.8619,21.987757,4.316383,2.0775907
105,10-1969,14.752712,15.30217,8.571193,16.7901,2.345925,1.5316414
106,11-1969,8.3236,8.484218,3.6339757,10.685504,0.99903214,0.99951595
107,12-1969,4.003046,4.165043,-0.80061805,6.209486,0.8767868,0.93636894
108,01-1970,3.3557572,3.6250124,-2.2864826,5.380687,1.2014805,1.0961207
109,02-1970,5.5055943,6.122318,-1.9670637,7.062834,2.4514794,1.5657201
110,03-1970,9.195791,9.858055,1.1473485,10.995344,3.1309924,1.769461
111,04-1970,16.00874,16.80938,7.9935093,18.2939,3.909588,1.9772679
112,05-1970,20.187902,21.12073,11.312413,22.747272,5.4226503,2.3286586
113,06-1970,22.831005,23.746038,14.657302,25.623816,4.703162,2.1686776
114,07-1970,23.229563,24.215778,15.120189,25.774147,4.993407,2.2345932
115,08-1970,22.951992,23.908901,15.517472,25.530043,4.3557825,2.0870512
116,09-1970,19.97563,20.85936,12.541241,22.486889,4.123071,2.0305347
117,10-1970,14.376287,14.8938265,8.445673,16.4151,2.100351,1.4492588
118,11-1970,6.40103,6.592842,1.7716494,8.556858,0.9566841,0.9781023
119,12-1970,3.6963446,3.8464785,-1.0382917,5.9704237,0.85442007,0.9243485
120,01-1971,2.2028406,2.5070972,-3.5658228,4.2582912,1.2925512,1.1369042
121,02-1971,5.3660803,5.9089704,-1.8837302,7.071104,2.2761278,1.5086842
122,03-1971,10.150339,10.89576,1.9975219,12.177811,3.3247125,1.8233794
123,04-1971,15.7752,16.636063,7.814516,17.966295,3.8191986,1.954277
124,05-1971,19.673285,20.64402,10.995747,22.37071,5.276538,2.2970717
125,06-1971,22.687153,23.616787,14.669802,25.324682,4.4825683,2.1172078
126,07-1971,22.913034,23.90747,15.09137,25.340815,4.609539,2.1469836
127,08-1971,22.33567,23.284191,14.996466,24.772577,4.124991,2.0310073
128,09-1971,18.84063,19.719206,11.353393,21.363625,4.138632,2.0343628
129,10-1971,13.13403,13.675987,7.191853,14.904683,1.9945896,1.4122994
130,11-1971,7.764815,7.9786487,3.0424829,9.946962,1.0044839,1.0022395
131,12-1971,3.920268,4.0302973,-0.5966251,6.3204236,0.7855606,0.88631856
132,01-1972,3.4012082,3.5976357,-1.9946424,5.748396,1.1207434,1.0586517
133,02-1972,2.3051777,2.8788562,-5.0877233,3.8132915,2.3756237,1.5413059
134,03-1972,9.667353,10.378267,1.4181817,11.520345,3.4258094,1.8508942
135,04-1972,13.135061,13.943405,5.0813565,15.418031,3.94559,1.9863509
136,05-1972,18.630817,19.638798,9.949566,21.15144,5.121915,2.2631648
137,06-1972,22.742847,23.675158,14.386122,25.345516,4.8350935,2.1988845
138,07-1972,22.594841,23.593388,14.528696,25.154182,4.9044347,2.2145958
139,08-1972,21.986156,22.93874,14.596466,24.309902,4.230613,2.0568454
140,09-1972,18.51108,19.394667,11.032733,21.059458,4.169495,2.0419343
141,10-1972,12.240803,12.778799,6.250533,14.184371,2.1116152,1.4531398
142,11-1972,7.874051,8.0730505,3.11783,10.018837,1.023161,1.0115142
143,12-1972,3.5469348,3.657855,-1.0464513,6.143861,0.86039656,0.92757565
144,01-1973,2.0921457,2.436007,-3.6904757,3.9916248,1.2862614,1.1341347
145,02-1973,5.60313,6.2368875,-1.9585567,7.2545,2.5414648,1.5941973
146,03-1973,9.012249,9.787133,0.6263414,10.969477,3.5305316,1.8789709
147,04-1973,15.18815,16.021019,6.972502,17.467163,4.1590977,2.0393865
148,05-1973,19.527798,20.562284,10.595399,22.065676,5.5115485,2.3476686
149,06-1973,24.040068,24.991755,15.807128,26.676247,4.6866255,2.1648614
150,07-1973,23.029491,24.01091,15.32453,25.437515,4.474891,2.1153939
151,08-1973,21.936052,22.87567,14.596813,24.318235,4.241143,2.0594037
152,09-1973,20.304794,21.206854,12.812074,22.811888,4.227491,2.0560863
153,10-1973,12.927712,13.44808,6.90036,15.0026,2.2027488,1.484166
154,11-1973,6.9039125,7.123443,2.1591494,8.901129,0.99053705,0.99525726
155,12-1973,1.9616569,2.124001,-2.6334305,4.2230277,0.7990698,0.89390707
156,01-1974,2.90659,3.255842,-2.9196422,4.809854,1.3114094,1.1451678
157,02-1974,3.3024695,3.889861,-4.2448416,4.8493614,2.4860127,1.5767095
158,03-1974,11.478152,12.167946,3.2303348,13.475379,3.4003003,1.8439903
159,04-1974,15.7231865,16.579731,7.643683,18.11803,4.030056,2.0075
160,05-1974,18.866756,19.899323,10.116406,21.364807,5.2352295,2.2880623
161,06-1974,21.678125,22.604742,13.507129,24.248816,4.5577016,2.1348774
162,07-1974,23.03432,24.02427,15.070363,25.537516,4.772062,2.184505
163,08-1974,22.694492,23.645676,15.163306,25.175877,4.3563557,2.0871885
164,09-1974,19.344969,20.222202,11.853393,21.863625,4.16401,2.0405905
165,10-1974,12.20785,12.72201,6.1797,14.281767,2.1860516,1.4785302
166,11-1974,6.385509,6.5599756,1.6959549,8.549566,0.9935284,0.99675894
167,12-1974,1.7457889,1.920258,-3.0629444,3.82459,0.8581579,0.9263681
168,01-1975,1.367389,1.7332221,-4.8659964,2.712677,1.5703961,1.2531544
169,02-1975,2.7108026,3.3045855,-4.737897,4.244604,2.3964632,1.5480514
170,03-1975,7.9132557,8.672332,-0.35265154,9.976248,3.4492393,1.8572128
171,04-1975,13.98079,14.868021,6.1063566,16.167162,3.7581463,1.9385939
172,05-1975,18.806131,19.838339,9.87474,21.464808,5.565255,2.3590794
173,06-1975,21.779444,22.684834,13.624143,24.347946,4.5195427,2.1259217
174,07-1975,21.592379,22.570904,13.720537,24.116682,4.685839,2.16468
175,08-1975,22.352652,23.335724,14.867298,24.857473,4.4206333,2.1025302
176,09-1975,19.41049,20.297798,11.991414,21.887756,4.131057,2.0325
177,10-1975,13.897365,14.415683,7.9420266,15.905204,2.1101143,1.4526232
178,11-1975,5.922975,6.109859,1.2716492,8.128733,0.95943105,0.97950554
179,12-1975,3.4568655,3.6150775,-1.300618,5.603757,0.8451709,0.9193318
180,01-1976,3.215514,3.5621133,-2.790823,4.842146,1.4061275,1.1858025
181,02-1976,4.7514625,5.350363,-2.737897,6.325792,2.440674,1.5622656
182,03-1976,8.215582,8.851791,0.06436223,10.087304,3.291103,1.8141397
183,04-1976,13.579436,14.41401,5.543683,15.894768,3.9600136,1.9899783
184,05-1976,18.983042,20.046776,10.128559,21.568974,5.4197345,2.3280323
185,06-1976,21.631563,22.577385,13.415635,24.244648,4.634112,2.1526988
186,07-1976,23.446611,24.434208,15.612029,25.936647,4.6745253,2.162065
187,08-1976,20.95706,21.893888,13.588306,23.397404,4.3201885,2.0785062
188,09-1976,19.077051,19.96143,11.6695385,21.587755,4.078132,2.0194385
189,10-1976,14.290003,14.801536,8.34602,16.299995,2.1513534,1.4667492
190,11-1976,7.303426,7.5002694,2.6388369,9.526129,0.9668877,0.9833045
191,12-1976,3.35565,3.4734097,-1.2966251,5.8672986,0.8602508,0.927497
192,01-1977,2.4987082,2.8102999,-3.2779756,4.5582914,1.285929,1.133988
193,02-1977,4.0426083,4.6107783,-3.42939,5.6237707,2.4567885,1.5674146
194,03-1977,11.459992,12.161962,3.326689,13.474511,3.2770245,1.8102554
195,04-1977,14.562699,15.43625,6.74403,16.68626,3.6577156,1.9125155
196,05-1977,17.88186,18.965328,9.087239,20.413939,5.347329,2.3124292
197,06-1977,22.49007,23.443604,14.315635,25.06878,4.5332527,2.1291437
198,07-1977,23.206474,24.196007,15.329043,25.71668,4.6815066,2.163679
199,08-1977,22.31359,23.272812,14.775806,24.949139,4.552462,2.13365
200,09-1977,19.373232,20.24857,12.003567,21.863625,4.0600853,2.0149653
201,10-1977,15.257815,15.735388,9.175186,17.461975,2.3485794,1.5325075
202,11-1977,9.698843,9.921196,4.783802,12.03863,1.189812,1.090785
203,12-1977,4.3463793,4.5420933,-0.6131182,6.507923,0.9602099,0.979903
204,01-1978,1.6603403,2.042066,-4.361656,3.3114166,1.4293791,1.1955664
205,02-1978,4.7976775,5.3726044,-2.7710567,6.4086246,2.5301766,1.590653
206,03-1978,7.902041,8.648817,-0.27331132,9.892915,3.3229709,1.8229017
207,04-1978,14.312595,15.13575,6.33153,16.6939,3.8945348,1.9734576
208,05-1978,21.282244,22.280167,12.324566,23.844841,5.5374627,2.3531814
209,06-1978,24.003716,24.961136,15.736295,26.645517,4.707238,2.1696172
210,07-1978,22.162447,23.11412,14.525744,24.536648,4.3829975,2.093561
211,08-1978,22.628868,23.553478,15.296813,25.07414,4.232256,2.0572448
212,09-1978,19.48622,20.385769,11.970407,22.062756,4.271645,2.0667958
213,10-1978,13.92726,14.431114,7.91286,16.005205,2.1814938,1.4769881
214,11-1978,7.6036696,7.816605,2.7926564,9.988629,1.1297808,1.0629115
215,12-1978,4.1464143,4.3165746,-0.6799584,6.378757,0.9069677,0.95234853
216,01-1979,3.3391595,3.6530638,-2.5491562,5.2900624,1.3448964,1.1596967
217,02-1979,5.1116014,5.717083,-2.42939,6.7886596,2.52954,1.5904528
218,03-1979,8.0935335,8.798822,0.06835538,10.052115,3.142182,1.7726201
219,04-1979,16.074854,16.936062,8.114516,18.259697,3.818186,1.9540179
220,05-1979,17.069014,18.137882,8.275086,19.509773,5.3337293,2.3094869
221,06-1979,22.67441,23.593422,14.365461,25.347946,4.761493,2.1820846
222,07-1979,23.56262,24.56361,15.5493555,26.136648,4.893506,2.212127
223,08-1979,22.475117,23.42348,15.129625,24.800007,4.1503935,2.0372515
224,09-1979,18.762852,19.654102,11.303567,21.287756,4.1635747,2.040484
225,10-1979,13.794482,14.296461,7.904353,15.8536415,2.0626996,1.4362102
226,11-1979,7.5213428,7.738265,2.8093228,9.631337,0.98052615,0.9902152
227,12-1979,4.039122,4.202886,-0.609125,6.3667774,0.8246402,0.908097
228,01-1980,2.5863125,2.8910527,-2.9654756,4.784854,1.2265935,1.1075168
229,02-1980,5.3608723,5.916412,-1.9667163,7.0054793,2.3332272,1.5274905
230,03-1980,8.409924,9.075736,0.3181817,10.272949,3.2006454,1.7890347
231,04-1980,15.818186,16.641386,7.7728496,18.11803,3.925183,1.9812075
232,05-1980,19.833424,20.863232,10.974739,22.368105,5.3823113,2.3199809
233,06-1980,22.998995,23.938612,14.815635,25.624683,4.5788293,2.1398199
234,07-1980,23.153418,24.14044,15.299876,25.639946,4.690707,2.1658041
235,08-1980,22.175913,23.143692,14.734487,24.67414,4.341608,2.0836525
236,09-1980,18.84945,19.735027,11.412073,21.363625,4.129112,2.0320215
237,10-1980,13.842155,14.375466,7.7335196,15.974475,2.2989435,1.5162268
238,11-1980,7.4582872,7.6408157,2.7719967,9.792796,1.0247315,1.0122902
239,12-1980,3.7030463,3.8683944,-1.0678055,5.9422984,0.8734944,0.93460923
240,01-1981,3.1124237,3.4296699,-2.5156493,5.2082915,1.2491208,1.1176407
241,02-1981,5.581671,6.1758633,-1.8877232,7.147208,2.437114,1.5611259
242,03-1981,9.215444,9.97983,1.1306818,11.351248,3.2862115,1.8127911
243,04-1981,14.942735,15.815012,6.8521895,17.266294,4.029465,2.0073528
244,05-1981,19.722694,20.786285,11.016406,22.164808,5.1885667,2.2778425
245,06-1981,22.55729,23.484291,14.265461,25.148815,4.723271,2.1733088
246,07-1981,22.842169,23.837906,14.9411955,25.258348,4.6629543,2.1593876
247,08-1981,22.111923,23.084698,14.655147,24.578306,4.330142,2.0808992
248,09-1981,19.193615,20.072216,11.58256,21.84036,4.3770185,2.0921326
249,10-1981,12.763545,13.271843,6.7043524,14.907808,2.2585707,1.5028542
250,11-1981,6.5989466,6.7842917,1.9801564,8.756858,0.9591467,0.97936034
251,12-1981,3.267768,3.424978,-1.5382917,5.5735483,0.9250761,0.9618088
252,01-1982,3.3016596,3.6442313,-2.6616561,5.0978746,1.3612882,1.1667426
253,02-1982,2.7179902,3.2735415,-4.8293896,4.289528,2.5172663,1.5865895
254,03-1982,7.0903044,7.7836204,-0.9608113,9.052115,3.2320685,1.7977954
255,04-1982,13.536624,14.3556795,5.7230234,15.793032,3.6144133,1.9011611
256,05-1982,17.111687,18.174307,8.528907,19.568974,4.9716697,2.2297242
257,06-1982,22.318575,23.25196,14.144802,24.847946,4.4980593,2.120863
258,07-1982,23.49373,24.508038,15.449355,26.037516,4.8789625,2.2088373
259,08-1982,22.251953,23.22113,14.925979,24.65834,4.1645513,2.0407233
260,09-1982,18.942364,19.819206,11.453393,21.463625,4.1417165,2.0351207
261,10-1982,13.729066,14.290148,7.5918527,15.726038,2.2472062,1.4990685
262,11-1982,7.987037,8.166513,3.2756426,10.4704,1.0643196,1.0316586
263,12-1982,2.9445388,3.1440132,-1.8924584,4.98084,0.8746417,0.9352228
264,01-1983,2.5255136,2.8638768,-3.3406491,4.3515205,1.3128477,1.1457957
265,02-1983,4.2240667,4.8068542,-3.4212303,5.9669585,2.6378906,1.6241584
266,03-1983,7.1476307,7.792021,-1.0648043,9.056922,3.3777442,1.837864
267,04-1983,11.499297,12.340708,3.735523,13.562997,3.555285,1.8855463
268,05-1983,17.770124,18.84824,9.028907,20.468973,5.350738,2.3131661
269,06-1983,21.461737,22.40086,13.103135,24.072947,4.7940187,2.189525
270,07-1983,22.483486,23.491444,14.387376,25.056612,4.9943013,2.2347934
271,08-1983,22.359838,23.2751,15.088306,24.69584,4.0908203,2.0225775
272,09-1983,20.03976,20.939255,12.603566,22.43602,4.1006913,2.0250163
273,10-1983,12.729761,13.246372,6.771193,14.705204,2.0709019,1.4390628
274,11-1983,6.866412,7.053857,2.2801561,9.023004,0.90278417,0.95014954
275,12-1983,3.26065,3.400838,-1.2966251,5.740736,0.81669897,0.903714
276,01-1984,2.2614515,2.5164042,-3.2156494,4.402562,1.1314366,1.0636901
277,02-1984,3.593233,4.1383333,-3.7460566,5.2132916,2.3214855,1.5236422
278,03-1984,11.453325,12.280169,3.026689,13.696213,3.6938367,1.9219357
279,04-1984,14.228846,15.067583,6.25219,16.537996,3.89086,1.9725263
280,05-1984,21.016582,22.03806,12.003906,23.668974,5.633985,2.3736017
281,06-1984,24.281841,25.243778,16.015636,26.872946,4.6616654,2.159089
282,07-1984,22.483833,23.477684,14.61203,24.937515,4.6648955,2.159837
283,08-1984,22.396051,23.352736,14.896812,24.894104,4.4465656,2.108688
284,09-1984,18.14511,19.032158,10.712073,20.663624,4.1056385,2.0262375
285,10-1984,12.567261,13.0695,6.5335193,14.705204,2.234256,1.4947428
286,11-1984,7.422523,7.6095896,2.7343233,9.895921,1.0998498,1.0487373
287,12-1984,3.3055115,3.4444392,-1.3796111,5.665215,0.85728204,0.9258953
288,01-1985,2.5997152,2.9645653,-3.3406491,4.36975,1.3807994,1.1750742
289,02-1985,6.174414,6.7918105,-1.5212303,7.933667,2.6392288,1.6245704
290,03-1985,11.704852,12.488654,3.589015,13.644477,3.2244525,1.7956761
291,04-1985,14.428394,15.248646,6.523023,16.697197,3.7284982,1.9309319
292,05-1985,19.169048,20.227337,10.337067,21.764807,5.3647137,2.3161852
293,06-1985,22.547676,23.472229,14.2031355,25.252113,4.7813663,2.1866336
294,07-1985,22.901995,23.897171,15.053696,25.43248,4.744516,2.178191
295,08-1985,22.597614,23.50407,15.288305,24.935772,4.1747074,2.04321
296,09-1985,19.710178,20.603136,12.1619,22.266922,4.2690835,2.0661762
297,10-1985,12.865871,13.376299,6.883693,14.926038,2.1702316,1.4731706
298,11-1985,7.307732,7.4986806,2.6424828,9.526129,0.99460775,0.9973002
299,12-1985,4.0082545,4.141894,-0.6589514,6.400632,0.8397045,0.91635394
300,01-1986,1.116729,1.4702969,-4.7993298,2.784854,1.3596073,1.1660221
301,02-1986,4.507782,5.0639486,-2.7828622,6.100792,2.306255,1.518636
302,03-1986,8.243429,8.964431,0.15984851,10.247949,3.2546275,1.8040586
303,04-1986,13.499956,14.35059,5.4521894,15.842163,3.9556968,1.9888934
304,05-1986,17.398527,18.471817,8.587239,20.068974,5.4085608,2.3256311
305,06-1986,22.326736,23.256788,14.036296,25.044647,4.776213,2.1854548
306,07-1986,22.574043,23.564335,14.762202,25.036648,4.644602,2.1551337
307,08-1986,21.933273,22.90895,14.546639,24.302437,4.240516,2.0592513
308,09-1986,19.13462,20.02923,11.65374,21.687756,4.2347126,2.0578418
309,10-1986,13.83594,14.36894,7.7833457,15.8744755,2.1852782,1.4782686
310,11-1986,7.964641,8.128945,3.3841496,10.236025,0.9372357,0.96810937
311,12-1986,2.7456152,2.9022088,-2.017632,5.0240693,0.86393243,0.92947966
312,01-1987,2.7639513,3.1267505,-3.403323,4.1890206,1.4907231,1.2209517
313,02-1987,6.332712,6.9108577,-1.2208829,7.9886594,2.5175865,1.5866904
314,03-1987,9.979993,10.729595,1.8598483,11.972949,3.235106,1.79864
315,04-1987,14.703429,15.549053,6.560697,17.114733,4.087328,2.0217142
316,05-1987,16.078527,17.143951,7.428906,18.664808,5.143112,2.267843
317,06-1987,21.602327,22.53484,13.344802,24.252981,4.68869,2.1653383
318,07-1987,23.782167,24.780819,15.657863,26.354181,4.976284,2.2307587
319,08-1987,23.01911,23.963861,15.434139,25.650007,4.550251,2.1331317
320,09-1987,20.829136,21.727955,13.153393,23.512756,4.5323973,2.1289427
321,10-1987,14.318892,14.84926,8.275187,16.280203,2.2003324,1.4833517
322,11-1987,8.250718,8.43199,3.5756426,10.629253,1.0526062,1.025966
323,12-1987,4.323532,4.4727364,-0.28811812,6.656882,0.8258999,0.90879035
324,01-1988,4.5405836,4.8644037,-1.3904756,6.4364166,1.3883759,1.1782936
325,02-1988,6.670386,7.214446,-0.80873036,8.264527,2.4332862,1.5598994
326,03-1988,9.28836,10.062294,1.1181818,11.168609,3.27891,1.8107761
327,04-1988,15.713777,16.50774,7.4895163,18.1939,4.211935,2.0523
328,05-1988,20.86384,21.872028,11.924566,23.544842,5.5778265,2.3617423
329,06-1988,22.639376,23.564224,14.474316,25.32798,4.579488,2.1399739
330,07-1988,23.055187,24.045193,15.15821,25.539946,4.7396183,2.1770663
331,08-1988,21.79678,22.754818,14.346639,24.294104,4.3935328,2.0960755
332,09-1988,19.619518,20.522806,12.174399,22.111887,4.182037,2.045003
333,10-1988,13.50028,14.000027,7.51286,15.554162,2.1391516,1.4625839
334,11-1988,7.623982,7.8248577,3.000816,9.741233,0.9362245,0.96758693
335,12-1988,4.191136,4.3364663,-0.5006181,6.452194,0.8323506,0.91233253
336,01-1989,1.9022498,2.2556424,-4.1948156,3.4884996,1.4467677,1.2028166
337,02-1989,4.0989275,4.6686335,-3.4917164,5.7686944,2.548259,1.5963267
338,03-1989,8.602665,9.228916,0.61818177,10.522949,3.0901923,1.7578943
339,04-1989,12.465547,13.220963,4.4396896,14.7656,3.9109378,1.9776092
340,05-1989,18.489534,19.444561,9.7662325,20.840675,5.0990734,2.258113
341,06-1989,21.961145,22.869938,13.773969,24.67555,4.5884113,2.1420577
342,07-1989,22.287548,23.256924,14.461856,24.794285,4.5549664,2.1342368
343,08-1989,20.912268,21.845043,13.64664,23.190807,4.01409,2.0035195
344,09-1989,19.194864,20.091108,11.653393,21.763624,4.254493,2.0626423
345,10-1989,13.563163,14.071442,7.562686,15.6817665,2.1494317,1.466094
346,11-1989,7.499502,7.704688,2.709323,9.5704,1.0216948,1.0107892
347,12-1989,4.1988444,4.3592653,-0.55895144,6.5370903,0.88943803,0.9431002
348,01-1990,5.1485,5.4511175,-0.5366564,7.03225,1.2187679,1.1039782
349,02-1990,5.6675043,6.273493,-1.8087301,7.230326,2.4454334,1.5637882
350,03-1990,8.292666,9.00654,0.07651496,10.427115,3.3442664,1.8287336
351,04-1990,13.535547,14.32608,5.623023,15.786434,3.7787201,1.9438931
352,05-1990,20.73252,21.802109,11.824913,23.443974,5.5167303,2.348772
353,06-1990,23.067677,23.984985,14.773968,25.744648,4.7145996,2.1713128
354,07-1990,23.371437,24.352272,15.3995285,25.933348,4.81917,2.1952608
355,08-1990,22.091055,23.05795,14.555146,24.669973,4.5050387,2.1225076
356,09-1990,20.064342,20.923658,12.4494,22.638624,4.356947,2.08733
357,10-1990,12.679309,13.221754,6.5295267,14.78437,2.2972097,1.5156549
358,11-1990,7.6708565,7.914643,2.8676562,9.603733,1.0139279,1.0069399
359,12-1990,3.3676639,3.5208917,-1.3799584,5.5730276,0.850605,0.9222825
360,01-1991,1.8668681,2.2278938,-3.9989824,3.7124581,1.3345134,1.1552114
361,02-1991,4.310178,4.889495,-3.0585566,5.751816,2.3072786,1.5189729
362,03-1991,8.945826,9.717825,0.69752216,10.996212,3.431331,1.8523852
363,04-1991,12.398325,13.247181,4.402364,14.6388645,3.8750055,1.9685034
364,05-1991,17.390715,18.455053,8.5370655,19.968973,5.4111204,2.3261814
365,06-1991,22.344307,23.278454,14.086122,24.947947,4.6699944,2.161017
366,07-1991,23.745676,24.724829,15.841195,26.237514,4.698634,2.1676333
367,08-1991,22.319214,23.281818,14.804973,24.857473,4.4415174,2.1074908
368,09-1991,19.5924,20.499912,11.9619,22.167791,4.368935,2.0901997
369,10-1991,12.749899,13.292017,6.683346,14.8151,2.2067673,1.4855192
370,11-1991,7.052523,7.2743564,2.209323,9.22717,1.070501,1.0346502
371,12-1991,4.724817,4.8638515,0.020388842,7.134486,0.8729294,0.9343069
372,01-1992,3.457771,3.7761016,-2.348809,5.409854,1.2869028,1.1344174
373,02-1992,4.207747,4.7970715,-3.2795634,5.7327566,2.4403815,1.562172
374,03-1992,8.869228,9.593153,0.74734855,10.791178,3.252961,1.8035966
375,04-1992,12.447214,13.26005,4.5817037,14.613865,3.6716344,1.9161509
376,05-1992,17.248457,18.312983,8.416407,19.789806,5.400934,2.323991
377,06-1992,22.276457,23.227001,14.036296,24.869648,4.640396,2.1541579
378,07-1992,22.4396,23.458624,14.428696,25.016682,4.8616977,2.2049258
379,08-1992,21.816435,22.780521,14.375806,24.275007,4.304779,2.0747962
380,09-1992,18.635004,19.54327,11.103567,21.188623,4.250207,2.061603
381,10-1992,13.205036,13.728031,7.2420263,15.2026005,2.117482,1.455157
382,11-1992,7.015614,7.228979,2.2299826,9.0704,1.0247583,1.0123035
383,12-1992,4.772108,4.9772396,-0.15929872,6.8329234,0.92838615,0.963528
384,01-1993,1.638118,1.9579155,-4.1114826,3.3582916,1.2324976,1.1101791
385,02-1993,7.7133374,8.336894,0.21227694,9.347208,2.4808743,1.5750791
386,03-1993,7.96027,8.698231,-0.25265163,9.97208,3.3589802,1.8327521
387,04-1993,14.00579,14.850917,5.95219,16.397198,3.9827302,1.9956778
388,05-1993,20.391096,21.4525,11.6079,22.888939,5.295458,2.301186
389,06-1993,22.296806,23.198254,13.965462,25.027113,4.829336,2.197575
390,07-1993,22.013,23.015694,13.999529,24.537516,4.831266,2.198014
391,08-1993,23.004944,23.954819,15.546639,25.494104,4.4041505,2.0986068
392,09-1993,19.474726,20.362522,11.7494,22.14366,4.506384,2.1228244
393,10-1993,13.347156,13.892201,7.291853,15.326037,2.176551,1.4753139
394,11-1993,8.769398,8.97847,3.900816,10.963629,1.106936,1.0521102
395,12-1993,4.5272126,4.6876297,-0.217632,6.839694,0.869365,0.9323974
396,01-1994,3.6448889,3.9886808,-2.169816,5.443187,1.291324,1.1363643
397,02-1994,4.3292403,4.9152603,-3.1795635,5.8446045,2.4721084,1.572294
398,03-1994,10.834402,11.571888,2.5680084,12.871213,3.4230354,1.8501447
399,04-1994,12.505165,13.330469,4.4813566,14.813865,3.9518878,1.9879355
400,05-1994,18.917692,19.953247,10.045573,21.543974,5.489834,2.3430395
401,06-1994,23.015137,23.946718,14.694629,25.647947,4.745194,2.1783466
402,07-1994,22.528418,23.550928,14.528696,25.024147,4.824786,2.1965396
403,08-1994,22.12949,23.102444,14.675806,24.654175,4.353258,2.0864463
404,09-1994,18.015907,18.889458,10.603566,20.484459,4.0753407,2.0187473
405,10-1994,12.315385,12.846428,6.254179,14.338537,2.2285929,1.4928472
406,11-1994,8.038253,8.25559,3.200816,10.1579,1.0649469,1.0319626
407,12-1994,3.6311707,3.7900577,-1.0799584,5.8704233,0.84456795,0.9190038
408,01-1995,2.1551666,2.4911447,-3.649156,3.9431872,1.292903,1.1370589
409,02-1995,5.143199,5.745486,-2.42939,6.742,2.5347457,1.5920885
410,03-1995,8.365339,9.091795,0.21818179,10.295344,3.2808046,1.8112992
411,04-1995,11.909506,12.738438,3.95219,14.134698,3.8610418,1.9649534
412,05-1995,19.016861,20.049793,10.224914,21.564808,5.3351374,2.3097916
413,06-1995,23.18559,24.097416,14.965462,25.767912,4.6310205,2.1519806
414,07-1995,22.862377,23.864296,14.949703,25.340815,4.7126493,2.1708636
415,08-1995,21.546541,22.51117,14.104973,24.057474,4.353115,2.086412
416,09-1995,18.972122,19.86305,11.5120735,21.483591,4.170898,2.0422776
417,10-1995,13.779829,14.307535,7.8335195,15.7234335,2.0885992,1.4451987
418,11-1995,7.1372457,7.351138,2.4008162,9.111025,1.002466,1.0012323
419,12-1995,2.8234625,2.9963794,-1.8921111,4.9829235,0.8359829,0.914321
420,01-1996,2.3327706,2.688554,-3.590823,4.054125,1.365313,1.1684661
421,02-1996,6.10858,6.6991544,-1.3795636,7.644604,2.4416406,1.562575
422,03-1996,10.313081,11.036905,1.9555082,12.371213,3.5455346,1.882959
423,04-1996,14.820721,15.653162,6.923023,17.039734,3.7766132,1.943351
424,05-1996,17.516687,18.571766,8.745573,19.985641,5.292086,2.3004534
425,06-1996,21.316807,22.254778,13.136295,23.947947,4.6037016,2.145624
426,07-1996,22.472929,23.505352,14.499529,25.019981,4.8328633,2.1983774
427,08-1996,21.383692,22.349596,13.946639,23.877438,4.3708997,2.0906696
428,09-1996,19.734379,20.618315,12.270407,22.263624,4.1599584,2.0395975
429,10-1996,12.535003,13.082701,6.4210196,14.6151,2.2389889,1.4963251
430,11-1996,6.546655,6.7533207,1.8008159,8.737066,1.0140865,1.0070186
431,12-1996,2.477421,2.6685338,-2.3507917,4.593861,0.8813959,0.93882686
432,01-1997,1.4778055,1.8182731,-4.5029755,3.0874581,1.3879166,1.1780987
433,02-1997,4.3292403,4.8898563,-3.3212304,6.0722084,2.660437,1.6310847
434,03-1997,8.987284,9.728823,0.7473484,10.992045,3.41266,1.8473386
435,04-1997,12.335061,13.143404,4.281357,14.6180315,3.9455903,1.986351
436,05-1997,16.004534,17.049604,7.1540794,18.568106,5.41282,2.3265467
437,06-1997,21.010483,21.946146,12.932649,23.471384,4.393363,2.096035
438,07-1997,23.293867,24.2709,15.349703,25.836647,4.7912307,2.188888
439,08-1997,21.503725,22.47775,13.996466,24.054174,4.428046,2.1042924
440,09-1997,19.691984,20.57149,12.182559,22.262756,4.2168827,2.053505
441,10-1997,11.108337,11.650467,4.991853,13.2151,2.2794175,1.509774
442,11-1997,6.472316,6.6813164,1.7716494,8.646962,0.9924758,0.9962308
443,12-1997,2.1719,2.3214073,-2.4799585,4.44959,0.82810163,0.9100009
444,01-1998,2.9528403,3.2921214,-2.9281492,4.8306875,1.3340726,1.1550206
445,02-1998,5.5191016,6.1540174,-2.0707095,7.1571045,2.5670638,1.6022059
446,03-1998,8.504784,9.257978,0.3181817,10.496212,3.3386676,1.8272021
447,04-1998,15.172805,16.014553,7.1938567,17.437998,3.8491163,1.9619164
448,05-1998,19.635263,20.695557,10.858072,22.109774,5.292075,2.300451
449,06-1998,22.391773,23.346989,14.194975,24.89378,4.5488825,2.1328108
450,07-1998,23.161993,24.15116,15.25821,25.637516,4.6753435,2.1622543
451,08-1998,22.773726,23.732246,15.325633,25.19914,4.301978,2.074121
452,09-1998,19.24063,20.119965,11.799573,21.761194,4.1326466,2.0328913
453,10-1998,14.793127,15.318594,8.791853,16.810411,2.1502848,1.4663849
454,11-1998,7.1258216,7.3068,2.4671354,9.405295,1.0115346,1.0057508
455,12-1998,3.0965874,3.2419999,-1.5342987,5.5079236,0.8426616,0.917966
456,01-1999,2.1523194,2.4593773,-3.4694686,4.159854,1.2078917,1.0990412
457,02-1999,6.086116,6.6909494,-1.3792164,7.632757,2.4280205,1.5582106
458,03-1999,10.179714,10.906767,2.0266886,12.176248,3.293951,1.8149245
459,04-1999,16.34652,17.17708,8.372849,18.61803,3.8429365,1.960341
460,05-1999,19.947071,20.961926,11.124913,22.543974,5.435869,2.331495
461,06-1999,22.588577,23.516438,14.424142,25.146385,4.529135,2.1281765
462,07-1999,23.720327,24.726315,15.728696,26.237514,4.801929,2.1913304
463,08-1999,22.461958,23.427208,15.058792,24.898272,4.31779,2.0779293
464,09-1999,20.935175,21.807991,13.503567,23.463625,4.133472,2.0330942
465,10-1999,14.823926,15.349777,8.81286,16.838537,2.171756,1.4736879
466,11-1999,8.705579,8.907839,3.9129689,10.8579,1.0402871,1.0199447
467,12-1999,4.3615527,4.5294285,-0.45929873,6.563132,0.88402265,0.94022477
468,01-2000,2.8443677,3.1886806,-2.969816,4.643187,1.2905716,1.1360333
469,02-2000,4.0445876,4.6529913,-3.5087304,5.562834,2.513795,1.5854951
470,03-2000,9.152284,9.883132,0.87651503,11.17538,3.4433434,1.8556248
471,04-2000,16.708393,17.553856,8.723022,19.018032,3.887621,1.9717051
472,05-2000,22.320576,23.37302,13.516406,24.87314,5.3574414,2.3146148
473,06-2000,22.653404,23.57684,14.465462,25.164614,4.554818,2.134202
474,07-2000,22.475883,23.457844,14.641196,24.937515,4.614853,2.1482208
475,08-2000,22.179039,23.143692,14.755147,24.67414,4.3304877,2.0809824
476,09-2000,19.232399,20.112843,11.753393,21.763624,4.194525,2.048054
477,10-2000,14.91094,15.429384,8.91286,16.935934,2.1520066,1.4669719
478,11-2000,8.059814,8.260845,3.3716495,10.246962,0.9854057,0.992676
479,12-2000,4.5017266,4.635156,-0.10912502,6.76209,0.80138975,0.89520377
480,01-2001,2.4932222,2.8305728,-3.3491561,4.315062,1.3043076,1.1420629
481,02-2001,6.2150044,6.806905,-1.320883,7.813875,2.4825974,1.575626
482,03-2001,10.459609,11.183058,2.176515,12.55038,3.4641023,1.8612099
483,04-2001,15.04593,15.968,6.9606967,17.2939,4.033837,2.0084414
484,05-2001,21.319918,22.37302,12.516406,23.868973,5.355538,2.3142035
485,06-2001,21.95514,22.876926,13.765461,24.464613,4.5583153,2.1350212
486,07-2001,22.461163,23.44925,14.570363,24.937515,4.679141,2.1631322
487,08-2001,22.459873,23.443424,15.075806,24.881605,4.269757,2.066339
488,09-2001,18.717468,19.611038,11.253393,21.184458,4.1605687,2.0397472
489,10-2001,14.480072,15.015581,8.412513,16.523434,2.218042,1.4893092
490,11-2001,7.9407177,8.146674,3.1923091,10.137066,1.0194246,1.0096656
491,12-2001,4.732421,4.8810763,0.09087491,6.96209,0.81423587,0.9023502
492,01-2002,2.9856179,3.334728,-2.8698158,4.8306875,1.3267807,1.1518596
493,02-2002,4.693928,5.297083,-2.8415427,6.244604,2.504554,1.5825783
494,03-2002,10.71645,11.456261,2.5181818,12.771213,3.3811634,1.838794
495,04-2002,15.606068,16.427647,7.5813565,17.912996,3.954144,1.988503
496,05-2002,20.718355,21.77081,11.916406,23.268974,5.3518043,2.3133967
497,06-2002,22.2958,23.23597,14.065462,24.86878,4.6427846,2.1547122
498,07-2002,23.676716,24.684807,15.708036,26.15748,4.7830358,2.1870153
499,08-2002,22.688345,23.644665,15.329625,25.10157,4.2835846,2.0696824
500,09-2002,18.070768,18.994808,10.503219,20.525257,4.3219776,2.0789366
501,10-2002,14.24424,14.763599,8.287339,16.213537,2.1516984,1.4668669
502,11-2002,8.260648,8.453766,3.613316,10.472483,0.9949855,0.99748963
503,12-2002,4.430268,4.624361,-0.46433336,6.1511526,0.90682715,0.95227474
504,01-2003,2.7881527,3.077113,-2.9986353,4.8072495,1.2871654,1.1345332
505,02-2003,5.119622,5.728141,-2.21689,6.7711043,2.3560789,1.5349524
506,03-2003,9.348048,10.045689,1.2473485,11.279546,3.2274225,1.7965028
507,04-2003,15.113117,15.90938,7.1020164,17.397198,3.897403,1.9741842
508,05-2003,18.001373,19.04597,9.216406,20.48894,5.3139086,2.3051918
509,06-2003,23.108784,24.006433,14.924142,25.80628,4.6138697,2.147992
510,07-2003,22.653173,23.65038,14.770363,25.061647,4.6512465,2.1566749
511,08-2003,21.86126,22.819998,14.546639,24.278305,4.17529,2.0433526
512,09-2003,19.330835,20.207209,11.932734,21.788624,4.0571656,2.0142407
513,10-2003,13.557712,14.065472,7.533867,15.7026005,2.2101836,1.4866686
514,11-2003,6.6047106,6.79578,1.9214759,8.818837,0.972841,0.98632705
515,12-2003,4.0038795,4.142116,-0.6176319,6.331361,0.81606966,0.90336573
516,01-2004,3.1559305,3.4729586,-2.5989826,5.0916247,1.2613146,1.1230826
517,02-2004,6.5080595,7.1422133,-1.0500497,8.132757,2.5328128,1.5914813
518,03-2004,13.5698185,14.303296,5.397522,15.575379,3.3100038,1.8193415
519,04-2004,16.387733,17.218449,8.35219,18.721329,3.9475021,1.9868321
520,05-2004,19.468319,20.499323,10.737066,21.964808,5.2197766,2.284683
521,06-2004,21.534653,22.471844,13.365461,23.992044,4.4975705,2.1207476
522,07-2004,23.004946,23.994394,15.070363,25.536648,4.7909594,2.188826
523,08-2004,21.821993,22.783173,14.446639,24.275007,4.2297077,2.0566254
524,09-2004,19.718822,20.602913,12.232733,22.264492,4.177816,2.0439706
525,10-2004,12.194586,12.714234,6.262686,14.126038,2.078977,1.4418658
526,11-2004,8.161308,8.359549,3.442483,10.416233,1.0102282,1.0051011
527,12-2004,4.4449205,4.596122,-0.2382918,6.74959,0.8415369,0.9173532
528,01-2005,2.025618,2.3644233,-3.769816,3.8431873,1.2726109,1.1281005
529,02-2005,3.6751428,4.2615337,-3.737897,5.1654377,2.3859284,1.5446451
530,03-2005,10.033499,10.767022,1.897522,11.995344,3.2956426,1.8153905
531,04-2005,13.979956,14.816807,5.9728494,16.234697,3.9056833,1.9762802
532,05-2005,17.428528,18.45599,8.716406,19.957342,5.2372255,2.2884986
533,06-2005,22.960625,23.89571,14.765461,25.548815,4.566409,2.1369157
534,07-2005,22.303276,23.295345,14.3995285,24.760778,4.729674,2.1747813
535,08-2005,22.621088,23.580524,15.24664,25.075008,4.229387,2.0565474
536,09-2005,19.885038,20.778173,12.453393,22.304422,4.069544,2.017311
537,10-2005,14.03844,14.555849,8.062686,16.023434,2.1477149,1.4655083
538,11-2005,7.252315,7.447282,2.5424829,9.446962,0.99753904,0.99876875
539,12-2005,3.277768,3.4361973,-1.4799584,5.4730277,0.8540364,0.9241409
540,01-2006,2.9055488,3.2439578,-2.8698158,4.809854,1.2826507,1.1325417
541,02-2006,9.074657,9.690354,1.4739089,10.668041,2.5649798,1.6015555
542,03-2006,10.108777,10.849884,1.9181817,12.092915,3.3601224,1.8330637
543,04-2006,15.504504,16.327648,7.4813566,17.809698,3.9503088,1.9875383
544,05-2006,21.866583,22.891869,13.066233,24.364807,5.329867,2.3086505
545,06-2006,21.455313,22.376926,13.265461,23.96791,4.558947,2.135169
546,07-2006,23.059355,24.050224,15.149703,25.537516,4.695215,2.1668446
547,08-2006,21.656261,22.634932,14.304973,24.078306,4.2147646,2.0529892
548,09-2006,18.774517,19.663052,11.332733,21.287756,4.1598134,2.039562
549,10-2006,14.6302805,15.151043,8.662686,16.623434,2.138729,1.4624394
550,11-2006,7.8107533,8.01108,3.0716496,10.034462,1.0330477,1.0163895
551,12-2006,2.9189484,3.0739326,-1.830132,5.0756316,0.84400344,0.9186966
552,01-2007,2.6363819,3.009922,-3.269816,4.4332914,1.3494321,1.1616505
553,02-2007,5.5752125,6.2127566,-2.0293899,7.1727295,2.5696714,1.6030195
554,03-2007,8.915722,9.66082,0.71818185,10.896213,3.3638568,1.834082
555,04-2007,17.233603,18.085323,9.302363,19.518032,3.816825,1.9536695
556,05-2007,19.63596,20.675087,10.845573,22.164808,5.3564124,2.3143926
557,06-2007,21.95302,22.887726,13.765461,24.46878,4.5378423,2.1302211
558,07-2007,22.431856,23.447176,14.549703,24.84498,4.639188,2.1538775
559,08-2007,22.747198,23.718174,15.375805,25.178307,4.238554,2.058775
560,09-2007,19.68233,20.555347,12.412074,22.087755,3.9004517,1.9749562
561,10-2007,13.238267,13.755848,7.262686,15.2234335,2.1473248,1.4653753
562,11-2007,8.120648,8.347414,3.2542882,10.178733,1.0983927,1.0480423
563,12-2007,2.919608,3.0571456,-1.7799584,5.1547985,0.8279188,0.9099004
564,01-2008,1.434264,1.7468717,-4.320337,3.1994374,1.2557784,1.1206152
565,02-2008,4.5533724,5.1114945,-2.8866816,6.458604,2.4803507,1.5749129
566,03-2008,12.812214,13.520834,4.5680084,14.852116,3.3943372,1.8423727
567,04-2008,14.003117,14.782156,6.0518427,16.210566,3.8267822,1.9562163
568,05-2008,20.163874,21.17408,11.3954,22.66064,5.2917814,2.3003871
569,06-2008,23.221355,24.15196,15.086122,25.744648,4.468129,2.113795
570,07-2008,23.006231,23.989986,15.069668,25.50175,4.6941767,2.1666048
571,08-2008,21.377651,22.336342,13.9256315,23.858341,4.3216166,2.0788498
572,09-2008,18.89917,19.803177,11.4363785,21.40859,4.2310195,2.0569441
573,10-2008,14.997468,15.510212,9.01286,17.038538,2.184435,1.4779834
574,11-2008,8.159745,8.346606,3.442483,10.416233,1.009587,1.0047821
575,12-2008,4.690928,4.841481,-0.0091251135,6.882923,0.82972604,0.91089296
576,01-2009,4.228014,4.5848103,-1.6491561,6.0332913,1.3311255,1.1537441
577,02-2009,6.4549694,7.0663624,-1.1087302,8.044604,2.534099,1.5918854
578,03-2009,10.494402,11.243568,2.297522,12.495344,3.343777,1.8285997
579,04-2009,14.226867,14.985094,6.292815,16.559698,3.8310971,1.9573189
580,05-2009,19.899986,20.948555,11.066233,22.464808,5.408247,2.325564
581,06-2009,22.017847,22.936958,13.815288,24.627981,4.568555,2.1374178
582,07-2009,23.252827,24.260216,15.320189,25.740814,4.7532706,2.1801996
583,08-2009,23.416054,24.35482,15.996813,25.894104,4.351452,2.0860133
584,09-2009,19.784796,20.66984,12.282559,22.288624,4.190552,2.0470839
585,10-2009,14.195662,14.725687,8.212513,16.192703,2.1452246,1.4646585
586,11-2009,6.733148,6.904626,2.113316,9.023524,0.98180795,0.99086225
587,12-2009,3.6822126,3.840088,-1.0592986,5.873028,0.85013795,0.92202926
588,01-2010,3.8074584,4.0673904,-1.9437742,6.149958,1.4226298,1.1927404
589,02-2010,5.3916016,5.987544,-2.0792165,6.9472084,2.4437551,1.5632515
590,03-2010,13.401729,14.144339,5.2266884,15.395345,3.322509,1.8227751
591,04-2010,17.535303,18.367939,9.552191,19.894768,3.9203057,1.9799762
592,05-2010,19.379986,20.43211,10.566233,21.889807,5.342231,2.3113267
593,06-2010,21.272223,22.221443,12.982475,23.886314,4.7675524,2.1834726
594,07-2010,22.223522,23.221886,14.29953,24.661648,4.698573,2.1676192
595,08-2010,21.82984,22.748993,14.617473,24.13907,4.0701585,2.0174634
596,09-2010,18.758581,19.635742,11.291066,21.187756,4.1054726,2.0261965
597,10-2010,15.029516,15.532063,9.142027,16.995308,2.0531106,1.432868
598,11-2010,8.234503,8.439581,3.4417882,10.417274,1.0578756,1.0285308
599,12-2010,3.1014833,3.295246,-1.6891598,5.1172986,0.8626603,0.9287951
600,01-2011,1.8840555,2.233213,-3.969816,3.7306871,1.3250556,1.1511106
601,02-2011,5.485073,6.044304,-1.92939,6.944604,2.3506284,1.533176
602,03-2011,10.825652,11.538584,2.5853693,12.775379,3.3490534,1.8300419
603,04-2011,13.936624,14.743404,5.9020157,16.21803,3.932157,1.9829668
604,05-2011,21.426062,22.455502,12.624913,23.964808,5.36557,2.31637
605,06-2011,23.365694,24.28085,15.186122,25.944647,4.575037,2.1389337
606,07-2011,22.794458,23.793839,14.8995285,25.184912,4.6990294,2.1677244
607,08-2011,21.969976,22.913467,14.596813,24.3415,4.3148336,2.0772178
608,09-2011,19.004206,19.885357,11.649747,21.37109,4.058892,2.0146692
609,10-2011,14.593928,15.086069,8.674839,16.635933,2.0903978,1.4458208
610,11-2011,8.570786,8.764029,3.8424828,10.885504,1.0240755,1.0119661
611,12-2011,3.3018308,3.4802446,-1.5259653,5.342819,0.8781343,0.9370882
612,01-2012,1.5459305,1.8889682,-4.269816,3.3431873,1.292421,1.1368469
613,02-2012,3.4870179,4.066556,-3.9002233,4.966417,2.3604543,1.536377
614,03-2012,9.530721,10.268595,1.4266886,11.496212,3.2512352,1.8031182
615,04-2012,13.85645,14.685303,5.8728495,16.113865,3.8699076,1.967208
616,05-2012,18.815956,19.848988,10.045573,21.365675,5.313551,2.305114
617,06-2012,22.96479,23.880848,14.765461,25.548815,4.591657,2.1428154
618,07-2012,24.097343,25.089968,16.191023,26.56078,4.74402,2.1780772
619,08-2012,22.148762,23.119999,14.775806,24.578306,4.24114,2.0594027
620,09-2012,19.085838,19.953777,11.794712,21.487757,3.9123724,1.9779718
621,10-2012,13.177988,13.718849,7.083346,15.230725,2.2495627,1.4998542
622,11-2012,7.955093,8.150828,3.200816,10.137066,1.0328339,1.0162843
623,12-2012,3.7688098,3.9711943,-1.0721459,5.7891736,0.88326293,0.9398207
624,01-2013,2.2984653,2.655377,-3.6503716,4.1926665,1.4040076,1.1849083
625,02-2013,4.4730945,5.101222,-3.0056052,6.2304792,2.531434,1.5910481
626,03-2013,8.643707,9.410402,0.49231368,10.613748,3.3625305,1.8337204
627,04-2013,14.65145,15.387472,6.834829,16.89633,3.662762,1.9138343
628,05-2013,20.229916,21.227734,11.3743925,22.84137,5.422305,2.3285844
629,06-2013,23.062815,24.008434,14.882475,25.665482,4.594037,2.1433704
630,07-2013,23.799702,24.773758,15.8995285,26.31425,4.657109,2.1580336
631,08-2013,22.505499,23.442362,15.167299,24.83907,4.2221484,2.0547867
632,09-2013,20.40896,21.277906,12.932734,23.124561,4.261889,2.0644343
633,10-2013,15.560766,16.14962,9.4026165,17.849997,2.34233,1.5304673
634,11-2013,7.561412,7.7752705,2.8299825,9.806337,1.0134932,1.006724
635,12-2013,4.305754,4.451318,-0.25895154,6.4688606,0.7660828,0.87526155
636,01-2014,3.6899586,4.038639,-2.2284966,5.6082916,1.3767551,1.1733521
637,02-2014,4.77674,5.3345137,-2.62939,6.244604,2.34307,1.530709
638,03-2014,9.7041235,10.467618,1.5890151,11.6161785,3.2380843,1.7994678
639,04-2014,13.921797,14.776484,6.0145164,16.137997,3.789854,1.9467547
640,05-2014,18.26016,19.295713,9.5370655,20.68894,5.1909657,2.2783692
641,06-2014,23.453194,24.37493,15.265461,26.044647,4.5596557,2.135335
642,07-2014,24.053661,25.035244,16.170362,26.537516,4.6712103,2.1612983
643,08-2014,23.025879,24.000458,15.604973,25.478306,4.29316,2.0719943
644,09-2014,19.912643,20.786392,12.541587,22.346958,4.105201,2.0261295
645,10-2014,14.46712,15.004272,8.462339,16.438538,2.149079,1.4659737
646,11-2014,7.2041206,7.393402,2.5805035,9.574566,0.96388364,0.98177576
647,12-2014,2.90815,3.0509014,-1.7799584,5.152194,0.8329279,0.91264886
648,01-2015,3.0533264,3.3732562,-2.7074895,5.0765204,1.2942243,1.1376398
649,02-2015,4.622574,5.2384596,-2.8585565,6.233604,2.4582894,1.5678933
650,03-2015,8.753674,9.485748,0.56800807,10.696213,3.3250322,1.8234671
651,04-2015,14.642595,15.4547825,6.7020164,16.99633,3.811217,1.9522339
652,05-2015,19.011686,20.068394,10.224566,21.482342,5.321887,2.3069215
653,06-2015,22.314966,23.24384,14.1654625,24.864613,4.5434065,2.1315267
654,07-2015,22.426855,23.340538,14.724529,24.86998,4.5516253,2.1334538
655,08-2015,21.819107,22.792286,14.475805,24.19914,4.170746,2.0422404
656,09-2015,19.000732,19.87378,11.603566,21.463625,4.0403857,2.010071
657,10-2015,15.002225,15.516972,9.025013,17.026037,2.1429424,1.4638792
658,11-2015,8.216689,8.420984,3.5122743,10.039671,0.94871175,0.97401834
659,12-2015,3.8015528,3.9453106,-0.8592986,5.9829235,0.81636775,0.9035307
660,01-2016,3.7579792,4.128011,-2.2321424,5.6801667,1.405262,1.1854374
661,02-2016,6.297782,6.842701,-1.1293899,7.8119235,2.391828,1.5465536
662,03-2016,9.923465,10.785025,1.3419665,11.93788,3.8597662,1.9646288
663,04-2016,15.395443,16.164825,7.3688564,17.772198,3.992119,1.9980288
664,05-2016,19.823076,20.82515,10.9953985,22.344841,5.3596106,2.3150833
665,06-2016,23.87677,24.823597,15.694975,26.469648,4.6209836,2.1496472
666,07-2016,23.509146,24.49795,15.57887,26.036648,4.773201,2.1847656
667,08-2016,22.045637,23.018177,14.655147,24.478306,4.2520146,2.0620413
668,09-2016,20.672955,21.56305,13.212073,23.187756,4.1733375,2.0428748
669,10-2016,15.141079,15.660355,9.11286,17.141142,2.1923594,1.4806619
670,11-2016,7.4547462,7.6472974,2.7805037,9.792796,1.00666,1.0033245
671,12-2016,4.387247,4.5753613,-0.45079178,6.563132,0.89285016,0.9449075
672,01-2017,2.2866597,2.6536407,-3.6321423,4.051521,1.3648382,1.168263
673,02-2017,6.1847267,6.7944255,-1.320883,7.744604,2.4733121,1.5726768
674,03-2017,9.910547,10.663065,1.6558555,11.97208,3.4339504,1.8530921
675,04-2017,16.374056,17.144825,8.197676,18.834698,4.151872,2.0376143
676,05-2017,20.46436,21.479256,11.65408,22.964808,5.3323083,2.309179
677,06-2017,22.48986,23.413307,14.386469,25.133884,4.4557323,2.1108606
678,07-2017,23.293385,24.293839,15.378869,25.684912,4.7150106,2.1714075
679,08-2017,22.62168,23.598103,15.196466,25.078306,4.309597,2.0759568
680,09-2017,19.78844,20.665352,12.34124,22.284458,4.1549206,2.0383623
681,10-2017,15.536704,16.055847,9.5420265,17.523434,2.1573434,1.4687898
682,11-2017,7.3888087,7.5773516,2.7424827,9.626129,0.97850937,0.9891963
683,12-2017,4.0287056,4.206533,-0.67145145,6.1829233,0.8313384,0.9117776
684,01-2018,4.1290555,4.4836454,-1.6989826,5.943187,1.2944027,1.1377182
685,02-2018,6.9636497,7.528382,-0.45004964,8.513875,2.38785,1.545267
686,03-2018,12.554609,13.344826,4.3509946,14.514615,3.3976955,1.8432839
687,04-2018,16.417421,17.251083,8.402364,18.714733,3.9292254,1.9822274
688,05-2018,19.444292,20.478527,10.624913,22.040676,5.406191,2.3251216
689,06-2018,22.986214,23.89703,14.782475,25.548815,4.5944076,2.143457
690,07-2018,23.223038,24.220818,15.349703,25.66078,4.686994,2.1649466
691,08-2018,23.45449,24.43293,15.975805,25.898272,4.3869,2.0944927
692,09-2018,20.049519,20.949347,12.541241,22.511889,4.191809,2.047391
693,10-2018,13.599517,14.128031,7.604353,15.617704,2.1553664,1.4681166
694,11-2018,7.5020714,7.6943035,2.9008162,9.641233,0.91756,0.9578935
695,12-2018,3.5418653,3.7034073,-1.2006181,5.7704234,0.8557355,0.92505974
